contributor_occupation,cleaned_jjobs,number_jobs,num_donations,total_donations
NOT EMPLOYED,NOT EMPLOYED,4582,4582,3383273.16
RETIRED,RETIRED,2917,2917,1675875.33
ATTORNEY,ATTORNEY,992,992,947369.21
NA,N/A,295,295,186136.53
PHYSICIAN,PHYSICIAN,294,294,212530.53
CONSULTANT,CONSULTANT,274,274,375788.79
CEO,C.E.O.,227,227,354012.99
PRESIDENT,PRESIDENT,185,185,267832.25
PROFESSOR,PROFESSOR,166,166,92236.55
OWNER,OWNER,134,134,165803.79
ENGINEER,ENGINEER,127,127,58202.18
LAWYER,LAWYER,125,125,124986.69
INFORMATION REQUESTED PER BEST EFFORTS,INFORMATION REQUESTED PER BEST EFFORTS,117,117,202080
PARTNER,PARTNER,99,99,135350
EXECUTIVE,EXECUTIVE,96,96,159914.77
GOVERNMENT RELATIONS,GOVERNMENT,82,82,148511.37
PRINCIPAL,PRINCIPAL,81,81,138488.27
SCIENTIST,SCIENTIST,71,71,73923.58
DIRECTOR,DIRECTOR,68,68,66972.89
REAL ESTATE,REAL ESTATE,68,68,117945.35
REAL ESTATE BROKER,REAL ESTATE BROKER,65,65,52822.46
VICE PRESIDENT,VICE PRESIDENT,59,59,54006.94
SALES,SALES,57,57,49461
MANAGER,MANAGER,56,56,44235.01
EXECUTIVE DIRECTOR,EXECUTIVE,53,53,31724.77
BUSINESS OWNER,BUSINES OWNER,51,51,53096.54
HOMEMAKER,HOMEMAKER,50,50,117441.35
ANALYST,ANALYST,49,49,32417.66
WRITER,WRITER,47,47,20150.88
ECONOMIST,ECONOMIST,45,45,42708.52
TEACHER,TEACHER,45,45,15973.95
ADMINISTRATOR,ADMINISTRATIVE,42,42,18412.72
PSYCHOLOGIST,PSYCHOLOGIST,40,40,12312.46
LOBBYIST,LOBBYIST,39,39,51482.68
PRESIDENT & CEO,CEO & PRESIDENT,38,38,44841.68
ACCOUNTANT,ACCOUNTANT,36,36,12978.25
SOCIAL WORKER,SOCIAL WORKER,32,32,17232.96
MANAGING DIRECTOR,MANAGING DIRECTOR,30,30,61805
ARTIST,ARTIST,27,27,35791.07
REALTOR,REALTOR,27,27,12723.6
GOVERNMENT AFFAIRS,GOVERNMENT,26,26,36300
FINANCE,FINANCE,24,24,29587.07
SELF EMPLOYED,SELF EMPLOYED,24,24,18283
PROJECT MANAGER,PROJECT MANAGEMENT CONSULTANT,23,23,12687.05
REAL ESTATE DEVELOPER,REAL ESTATE DEVELOMENT,23,23,43134
SENIOR VICE PRESIDENT,SENIOR VICE PRESIDENT,23,23,32680
SOFTWARE ENGINEER,SOFTWARE ENGINEER,23,23,10660.2
FOUNDER,FOUNDER,22,22,21600
PROGRAM MANAGER,PROGRAM MANAGEMENT,21,21,3632.43
RESEARCHER,RESEARCHER,21,21,19946.27
ARCHITECT,ARCHITECT,20,20,20514.44
FINANCIAL ADVISOR,FINANCIAL ADVISOR,20,20,14300
CFO,CFO,19,19,24434.02
CONTRACTOR,CONTRACTOR,19,19,16624.35
CPA,C.P.A.,18,18,7779.12
PASTOR,PASTOR,18,18,13056
INVESTOR,INVESTOR,17,17,50028.2
DENTIST,DENTIST,16,16,6448.2
SENIOR ADVISOR,SENIOR ADVISOR,16,16,13899.25
CHAIRMAN,CHAIRMAN,15,15,53360.25
EDUCATOR,EDUCATOR,15,15,6639.21
INSURANCE,INSURANCE SERVICES,15,15,13687.24
PROGRAMMER,PROGRAMMER,15,15,5886
COO,COO,14,14,21600
MUSICIAN,MUSICIAN,14,14,7008.5
STATISTICIAN,STATISTICIAN,14,14,6328
VP,VP,14,14,21815.47
ADVISOR,ADVISOR,13,13,8253.2
BUILDER,BUILDER,13,13,15600
CHIEF OF STAFF,CHIEF OF STAFF,13,13,13105.42
CO-FOUNDER,CO-FOUNDER,13,13,17950
FARMER,FARMER,13,13,41494.22
IT SPECIALIST,IT SPECIALIST,13,13,3106.3
MANAGING PARTNER,MANAGING PARTNER,13,13,26633.33
EDUCATION,EDUCATION,12,12,8593.09
ENTREPRENEUR,ENTREPRENEUR,12,12,10330
NANNY,NANNY,12,12,5650
PHYSICIST,PHYSICIST,12,12,11477.35
POLICY ANALYST,POLICY ANALYST,12,12,5625
THERAPIST,THERAPIST,12,12,30856.18
UNEMPLOYED,UNEMPLOED,12,12,8142.83
BOOKKEEPER,BOOKKEEPER,11,11,980.18
COMMUNICATIONS,COMMUNICATIONS,11,11,6420
CONSTRUCTION,CONSTRUCTION,11,11,20679.48
CONSULTING,CONSULTANT,11,11,17822.43
EXECUTIVE ASSISTANT,EXECUTIVE,11,11,4553
INSURANCE BROKER,INSURANCE SERVICES,11,11,6746.29
MARKETING,MARKETING,11,11,19310
NURSE,NURSE,11,11,8030
OFFICE MANAGER,OFFICE MANAGER,11,11,12789.96
PUBLIC RELATIONS,PUBLIC RELATIONS,11,11,5434
SELF-EMPLOYED,SELF EMPLOYED,11,11,16885.51
DEVELOPER,DEVELOPER,10,10,15227
INFORMATION REQUESTED,INFORMATION REQUESTED PER BEST EFFORTS,10,10,3800
MANAGEMENT,MANAGEMENT,10,10,5074.35
MARKETING SPECIALIST,MARKETING,10,10,1356
PROGRAM ANALYST,PROGRAM ANALYST,10,10,1592.33
PROGRAM DIRECTOR,PROGRAM DIRECTOR,10,10,5309.24
PSYCHIATRIST,PSYCHIATRIST,10,10,7513.35
PSYCHOTHERAPIST,PSYCHOTHERAPIST,10,10,6403
BOARD MEMBER,BOARD MEMBER,9,9,7200
BUSINESS,BUSINESS,9,9,10900
EDITOR,EDITOR,9,9,4650
FINE ARTIST,FINE ARTIST,9,9,12375
MORTGAGE BANKER,MORTGAGE BANKER,9,9,12770.51
NUTRITIONIST,NUTRITIONIST,9,9,3625
PHARMACIST,PHARMACIST,9,9,6757.58
POLITICAL CONSULTANT,CONSULTANT,9,9,12500
PROPERTY MANAGER,PROPERTY MANAGEMENT,9,9,3415.02
SELF,SELF,9,9,21875
SENIOR FELLOW,SENIOR FELLLOW,9,9,6049
SOFTWARE DEVELOPER,SOFTWARE DEVELOPER,9,9,7327.5
CHAIR,CHAIR,8,8,9500
CLERGY,CLERGY,8,8,3405
EXECUTIVE VICE PRESIDENT,EXECUTIVE,8,8,12660
FOUNDER & CEO,CEO & FOUNDER,8,8,11850
GENERAL MANAGER,GENERAL MANAGER,8,8,12908.2
HEALTHCARE,HEALTH CARE,8,8,10522.52
IT CONSULTANT,CONSULTANT,8,8,14902
IT TECH,IT TECH,8,8,2483
REGISTERED NURSE,REGISTERED NURSE,8,8,2414
VETERINARIAN,VETERINARIAN,8,8,6170
BANKER,BANKER,7,7,8585.25
COMMERCIAL REAL ESTATE,COMMERCIAL REAL ESTATE,7,7,11010.25
EVP,EVP,7,7,14502.54
EXECUTIVE COACH,EXECUTIVE,7,7,8510.71
HOTELIER,HOTELIER,7,7,6900
INSTRUCTOR,INSTRUCTOR,7,7,1414.73
LAW PROFESSOR,PROFESSOR,7,7,4396
MD,M.D.,7,7,4619
MEDIATOR,MEDIATOR,7,7,1788.72
NON-PROFIT EXECUTIVE,NON-PROFIT EXECUTIVE,7,7,3485
NURSE PRACTITIONER,NURSE PRACTITIONER,7,7,2846.2
PRIVATE INVESTOR,PRIVATE INVESTOR,7,7,7250
RESEARCH,RESEARCH,7,7,3282.11
RESEARCH SCIENTIST,RESEARCH SCIENTIST,7,7,3068.76
SENIOR POLICY ADVISOR,SENIOR POLICY ADVISOR,7,7,8600
SURGEON,SURGEON,7,7,7510
TECHNICIAN,TECHNICIAN,7,7,1670.8
VP OF GOVERNMENT RELATIONS,VP OF GOVERNMENT AFFAIRS,7,7,4100
C.E.O.,C.E.O.,6,6,25050
COLLEGE PROFESSOR,COLLEGE PROFESSOR,6,6,1095.5
CONCERT PIANIST,CONCERT PIANIST,6,6,7093.66
EXEC,EXEC,6,6,8916.98
GENERAL COUNSEL,GENERAL CONSULTING,6,6,8025
HUMAN RESOURCES,HUMAN RESOURCES,6,6,1899.01
LIBRARIAN,LIBRARIAN,6,6,14235.65
MAYOR,MAYOR,6,6,6250
PARALEGAL,PARALEGAL,6,6,1071.1399999999999
PLANNER,PLANNER,6,6,3579.9300000000003
POLICY ADVISOR,POLICY ADVISOR,6,6,2608.2
POLICY DIRECTOR,POLICY DIRECTOR,6,6,10032.75
PRESIDENT AND CEO,PRESIDENT,6,6,6400
REAL ESTATE DEVELOPMENT,REAL ESTATE DEVELOMENT,6,6,12643.57
RESEARCH ADMINISTRATOR,RESEARCH ADMINISTRATOR,6,6,1750
RETIRED TEACHER,RETIRED TEACHER,6,6,7295
SPECIAL ASSISTANT,SPECIAL ASSISTANT,6,6,2548
VP OF GOVERNMENT AFFAIRS,VP OF GOVERNMENT AFFAIRS,6,6,1750
WEB DEVELOPER,DEVELOPER,6,6,1090.28
ADJUNCT PROFESSOR,ADJUNCT PROFESSOR,5,5,2339
ADMINISTRATIVE ASSISTANT,ADMINISTRATIVE,5,5,1294
ADVOCATE,ADVOCATE,5,5,4500
ASSOCIATION EXECUTIVE,ASSOCIATION EXECUTIVE,5,5,2922.25
BUSINESS MANAGER,BUSINESS MANAGER,5,5,4025
CHIEF EXECUTIVE OFFICER,CHIEF EXECUTIVE OFFICER,5,5,8056.67
CHIEF LEGAL OFFICER,CHIEF LEGAL OFFICER,5,5,9700
CIVIL ENGINEER,CIVIL ENGINEER,5,5,2416.4
COMMERCIAL REAL ESTATE BROKER,COMMERCIAL REAL ESTATE,5,5,6041.02
COUNSELOR,COUNSELOR,5,5,872.29
DOCTOR,DOCTOR,5,5,3682.94
FINANCIAL ANALYST,FINANCIAL ANALYST,5,5,516.25
FOREIGN SERVICE OFFICER,FOREIGN SERVICE OFFICER,5,5,1299
FUNERAL DIRECTOR,FUNERAL DIRECTOR,5,5,6050
GENERAL PARTNER,GENERAL PARTNER,5,5,5800
GOVERNMENT,GOVERNMENT,5,5,775
HEALTH CARE,HEALTH CARE,5,5,6410.35
INVESTMENT BANKER,INVESTMENT,5,5,12950
IT,IT,5,5,784
IT MANAGER,IT MANAGER,5,5,541
MEDICAL PHYSICIST,MEDICAL PHYSICIST,5,5,8197
PHYSICAL THERAPIST,PHYSICAL THERAPIST,5,5,6010
PHYSICIAN ASSISTANT,PHYSICIAN ASSISTANT,5,5,4376.23
POLICE OFFICER,POLICE OFFICER,5,5,1145
PRIVATE EQUITY,PRIVATE EQUITY,5,5,12400
PROGRAM SPECIALIST,PROGRAM SPECIALIST,5,5,1875
RETAIL,RETAIL,5,5,2003.6999999999998
SENIOR DIRECTOR,SENIOR DIRECTOR,5,5,2450
STAFF,STAFF,5,5,2125
TREASURER,TREASURER,5,5,1934.62
ART HISTORIAN,ART HISTORIAN,4,4,1700
ARTS,ARTS,4,4,2475
ASSOCIATE DIRECTOR,ASSOCIATE DIRECTOR,4,4,1958.2
ATTORNEY AT LAW,ATTORNEY AT LAW,4,4,4000
ATTORNEY/ARBITRATOR,ATTORNEY/ARBITRATOR,4,4,1286.65
ATTORNEY/LOBBYIST,ATTORNEY/LOBBYIST,4,4,12650
AUDITOR,AUDITOR,4,4,3904.1
AUTO DEALER,AUTO DEALER,4,4,5500
BUSINESS EXECUTIVE,BUSINESS EXECUTIVE,4,4,23200
CLINICAL PSYCHOLOGIST,CLINICAL PSYCHOLOGIST,4,4,1632.5
CO-FOUNDER & CEO,CO-FOUNDER & CEO,4,4,4825
COMMUNICATIONS DIRECTOR,COMMUNICATIONS,4,4,1950
COMPUTER PROGRAMMER,COMPUTER PROGRAMMER,4,4,1477
COMPUTER SCIENTIST,COMPUTER SCIENCE,4,4,930
CTO,CTO,4,4,4650
DATA ANALYST,DATA ANALYST,4,4,1600
DELEGATE,DELEGATE,4,4,2275
DEPUTY DIRECTOR,DEPUTY DIRECTOR,4,4,1110
DESIGNER,DESIGNER,4,4,1112.5
DEVELOPMENT,DEVELOPMENT,4,4,1450
DIRECTOR OF GOVERNMENT AFFAIRS,GOVERNMENT,4,4,950
EPIDEMIOLOGIST,EPIDEMIOLOGIST,4,4,1750
FEDERAL EMPLOYEE,FEDERAL EMPLOYEE,4,4,2155
FINANCE SPECIALIST,FINANCE SPECIALIST,4,4,6701
GOVERNMENT RELATIONS CONSULTANT,GOVERNMENT,4,4,2950
HEALTH POLICY,HEALTH POLICY,4,4,2010
HUMAN RESOURCES CONSULTANT,HUMAN RESOURCES,4,4,4800
HYDROGEOLOGIST,HYDROGEOLOGIST,4,4,13500
INDEPENDENT CONSULTANT,INDEPENDENT CONSULTANT,4,4,1000
INSURANCE AGENT,INSURANCE SERVICES,4,4,1785
INTERIOR DESIGNER,INTERIOR DESIGNER,4,4,3950
INVESTMENT ADVISOR,INVESTMENT,4,4,9350
LECTURER,LECTURER,4,4,2407
LEGISLATIVE DIRECTOR,LEGISLATIVE DIRECTOR,4,4,1735.25
MASONRY CONTRACTOR,MASONRY CONTRACTOR,4,4,3475
MENTAL HEALTH THERAPIST,MENTAL HEALTH SERVICE,4,4,14008.58
MINISTER,MINISTER,4,4,825
N/A,N/A,4,4,3750
NETWORK ENGINEER,NETWORK ENGINEER,4,4,900
NONE,NONE,4,4,925
OPTOMETRIST,OPTOMETRIST,4,4,4381.5
OTHER,OTHER,4,4,5650
PHOTOGRAPHER,PHOTOGRAPHER,4,4,991
PUBLIC AFFAIRS,PUBLIC AFFAIRS,4,4,2010.25
PUBLIC POLICY,PUBLIC POLICY,4,4,4950
REAL ESTATE CONSULTANT,REAL ESTATE CONSULTANT,4,4,1333.33
REAL ESTATE INVESTOR,REAL ESTATE INVESTMENT,4,4,4250
RESTAURANT OWNER,RESTAURANT OWNER,4,4,960.25
RETIRED PHYSICIAN,RETIRED PHYSICIAN,4,4,2866.3
SALES ASSOCIATE,SALES ASSOCIATE,4,4,726.54
SCHOOL COUNSELOR,SCHOOL COUNSELOR,4,4,1578
SENIOR PARTNER,SENIOR PARTNER,4,4,6550
STRATEGIST,STRATEGIST,4,4,5700
SYSTEMS ANALYST,SYSTEMS ANALYST,4,4,4238
SYSTEMS ENGINEER,SYSTEMS ENGINEER,4,4,553.53
VICE CHAIRMAN,VICE CHAIR,4,4,19200
ACUPUNCTURIST,ACUPUNCTURIST,3,3,5450
ADMIN,ADMIN,3,3,5605
ADMINISTRATIVE,ADMINISTRATIVE,3,3,515
ADMINISTRATIVE AND MANAGEMENT,ADMINISTRATIVE,3,3,5500
ARCHIVES SPECIALIST,ARCHIVES SPECIALIST,3,3,750
ART DEALER,ART DEALER,3,3,1530
ASSISTANT PROFESSOR,ASSISTANT DIRECTOR,3,3,1108.27
ASTRONOMER,ASTRONOMER,3,3,2380
BOOKSELLER,BOOKSELLER,3,3,5950.48
BUSINESS DEVELOPMENT,BUSINESS DEVELOPMENT,3,3,2950
CARDIOLOGIST,CARDIOLOGIST,3,3,5700
CEO & FOUNDER,CEO & FOUNDER,3,3,1250
CHEF,CHEF,3,3,2250
CHEMICAL ENGINEER,CHEMICAL ENGINEER,3,3,3650
CHEMIST,CHEMIST,3,3,3619
CHIEF ADMINISTRATIVE OFFICER,CHIEF ADMINISTRATIVE OFFICER,3,3,3450
CIO,CIO,3,3,3766.5299999999997
CLERICAL,CLERICAL,3,3,200
CLERK,CLERK,3,3,563
CLINICAL SOCIAL WORKER,CLINICAL SOCIAL WORKER,3,3,284.1
CO-FOUNDING PARTNER,FOUNDING PARTNER,3,3,5250
COMPOSER,COMPOSER,3,3,19800
CONSULTANT/LOBBYIST,CONSULTANT,3,3,5300
CONTRACT SPECIALIST,CONTRACT SPECIALIST,3,3,360
CONTROLLER,COMPTROLLER,3,3,3300
DATABASE ADMINISTRATOR,DATABASE ADMINISTRATOR,3,3,370
DOG TRAINER,DOG TRAINER,3,3,989
EDUCATION RESEARCHER,EDUCATION RESEARCHER,3,3,164.17000000000002
ELECTRICAL ENGINEER,ELECTRICAL ENGINEER,3,3,454.1
ELECTRICIAN,ELECTRICIAN,3,3,2774.05
ENGINEERING,ENGINEER,3,3,1525
ENVIRONMENTAL ENGINEER,ENVIRONMENTAL,3,3,3627.5
FEDERAL GOVERNMENT AFFAIRS,FEDERAL GOVERNMENT AFFAIRS,3,3,1750
FEDERAL PROSECUTOR,FEDERAL PROSECUTOR,3,3,16500
FILMMAKER,FILMMAKER,3,3,545
FINANCE DIRECTOR,FINANCE DIRECTOR,3,3,850
FINANCE PROFESSIONAL,FINANCE PROFESSIONAL,3,3,8000
FINANCIAL PLANNER,FINANCIAL PLANNER,3,3,2800
FINANCIAL SERVICES,FINANCIAL SERVICES,3,3,486
FIREFIGHTER,FIREFIGHTER,3,3,1330
FLIGHT ATTENDANT,FLIGHT ATTENDANT,3,3,2954
FOUNDER & CHAIR,FOUNDER & CHAIR,3,3,10650
FUNDRAISER,FUNDRAISER,3,3,545.1
GOVERNMENT AFFAIRS CONSULTANT,GOVERNMENT,3,3,2250
HEALTH CONSULTANT,HEALTH CONSULTANT,3,3,900
HEALTH ECONOMIST,HEALTH ECONOMIST,3,3,6875
HEALTH INSURANCE SPECIALIST,HEALTH INSURANCE AGENT,3,3,528
HISTORIAN,HISTORIAN,3,3,1123
HR,HR,3,3,483.2
INVESTIGATOR,INVESTIGATOR,3,3,1199
INVESTMENT MANAGER,INVESTMENT,3,3,4150
INVESTMENTS,INVESTMENT,3,3,14241.02
IT DIRECTOR,DIRECTOR,3,3,334
IT PROFESSIONAL,IT PROFESSIONAL,3,3,10600
IT PROJECT MANAGER,IT PROJECT MANAGER,3,3,2050
LANDSCAPE DESIGNER,LANDSCAPE DESIGNER,3,3,1132
LEGISLATIVE ASSISTANT,LEGISLATIVE ASSISTANT,3,3,150
LEGISLATOR,LEGISLATOR,3,3,5100
MANAGING MEMBER,MANAGING MEMBER,3,3,2520.51
MARKETER,MARKETER,3,3,518.74
MARKETING MANAGER,MARKETING,3,3,1137.5
MECHANICAL ENGINEER,MECHANICAL ENGINEER,3,3,1950
MEDICAL,MEDICAL,3,3,1187.15
MEDICAL DIRECTOR,MEDICAL DIRECTOR,3,3,2100
MEDICAL SCIENCE ADMIN,MEDICAL SCIENCE ADMIN,3,3,1750
NON-PROFIT MANAGER,NON-PROFIT EXECUTIVE,3,3,575
NONPROFIT DIRECTOR,NON-PROFIT EXECUTIVE,3,3,313
NOVELIST,NOVELIST,3,3,1353
PHILANTHROPIST,PHILANTHROPIST,3,3,700
PHILANTHROPY,PHILANTHROPIST,3,3,2350
PRESIDENT/CEO,PRESIDENT,3,3,5550
PROGRAM ADMINISTRATOR,PROGRAM ADMINISTRATOR,3,3,3600
PROGRAM OFFICER,PROGRAM OFFICER,3,3,525
PROJECT DIRECTOR,PROJECT DIRECTOR,3,3,5290
PUBLISHER,PUBLISHER,3,3,907.85
REAL ESTATE AGENT,REAL ESTATE AGENT,3,3,1129.1
REAL ESTATE EXECUTIVE,REAL ESTATE EXECUTIVE,3,3,2308.2
RECEPTIONIST,RECEPTIONIST,3,3,522.25
RETIRED ENGINEER,RETIRED,3,3,560
RETIRED NOT EMPLOYED,RETIRED NOT EMPLOYED,3,3,4272.610000000001
RISK MANAGER,RISK MANAGER,3,3,415
SALES DIRECTOR,SALES DIRECTOR,3,3,465
SECRETARY,SECRETARY,3,3,4250
SECURITY,SECURITY,3,3,6983.2
SENIOR CONSULTANT,SENIOR CONSULATANT,3,3,1656.65
SERVICE INDUSTRY,SERVICE INDUSTRY,3,3,13200
SUPERVISOR,SUPERVISOR,3,3,175
SVP,SVP,3,3,4000
TAX ACCT,TAX ACCT,3,3,202
TOUR GUIDE,TOUR GUIDE,3,3,1130
TRAINER,TRAINER,3,3,475
TRANSPORTATION PLANNER,TRANSPORTATION,3,3,1175
WORKER SAFETY AND HEALTH CONSULTANT,WORKER SAFETY AND HEALTH CONSULTANT,3,3,2750
WRITER/EDITOR,WRITER/EDITOR,3,3,828
ACCESS CONTROL RECEPTIONIST,ACCESS CONTROL RECEPTIONIST,2,2,900
ADMIN ASST,ADMIN ASST,2,2,322.5
ADMINISTRATION,ADMINISTRATION,2,2,187.5
ADMINISTRATIVE SPECIALIST,ADMINISTRATIVE,2,2,2350
ADVERTISING ASST.,ADVERTISING,2,2,215.72
ADVOCACY,ADVOCACY,2,2,4550
AI ENGINEER,AI ENGINEER,2,2,1250
AIDE,AIDE,2,2,750
ANESTHESIOLOGIST,ANESTHESIOLOGIST,2,2,750
ANTHROPOLOGIST,ANTHROPOLOGIST,2,2,430
ARCHIVIST & LIBRARIAN,ARCHIVIST & LIBRARIAN,2,2,283.27
ASSISTANT DIRECTOR,ASSISTANT DIRECTOR,2,2,325
ASSISTANT VICE PRESIDENT,ASSISTANT DIRECTOR,2,2,750
ASTROPHYSICIST,ASTROPHYSICIST,2,2,941
ATTY,ATTY,2,2,1100
AUTHOR,AUTHOR,2,2,600
BANKING,BANKING,2,2,500
BANKING SERVICES,BANKING SERVICES,2,2,17500
BENEFIT AUTHORIZER,BENEFIT AUTHORIZER,2,2,1033
BROKER,BROKER,2,2,1250
BUDGET ANALYST,BUDGET ANALYST,2,2,1311.55
BUILDER/DEVELOPER,BUILDER DEVELOPER,2,2,9900
BUS CONSULTANT,CONSULTANT,2,2,35.37
BUSINESS BANKER,BUSINES OWNER,2,2,1270
BUSINESS RENTAL MANAGER,BUSINESS RENTAL MANAGER,2,2,700
BUSINESSMAN,BUSINESSMAN,2,2,7100
C.P.A.,C.P.A.,2,2,750
CAR DEALER,CAR DEALER,2,2,4000
CASHIER,CASHIER,2,2,243.9
CEO & MEDIA CONTRIBUTOR,CEO & MEDIA CONTRIBUTOR,2,2,1083.34
CEO & PRESIDENT,CEO & PRESIDENT,2,2,3000
CEO/FOUNDER,CEO & FOUNDER,2,2,2500
CERTIFIED REGISTERED NURSE ANESTHETIST,CERTIFIED REGISTERED NURSE ANESTHETIST,2,2,600
CFP,CFP,2,2,952.6899999999999
CHAPLAIN,CHAPLAIN,2,2,2047.5
CHIEF MEDICAL OFFICER,CHIEF MEDICAL OFFICER,2,2,200
CHIEF SUSTAINABILITY OFFICER,CHIEF SUSTAINABILITY OFFICER,2,2,500
CIVIL SERVANT,CIVIL SERVANT,2,2,2050
CIVIL SERVICE,CIVIL SERVANT,2,2,390
CO-CEO,CO-CEO,2,2,6850
CODE OFFICER,CODE OFFICER,2,2,110
COLLEGE ADMINISTRATOR,COLLEGE ADMINISTRATOR,2,2,1020
COMMISSIONER,COMMISSIONER,2,2,425
COMMS ASSISTANT,COMMS ASSISTANT,2,2,20
COMMUNICATIONS ASSOCIATE,COMMUNICATIONS,2,2,600
COMMUNICATIONS CONSULTANT,COMMUNICATIONS,2,2,3650
COMMUNITY DEVELOPER IV,COMMUNITY DEVELOPER,2,2,167.5
COMMUNITY DEVELOPMENT,COMMUNITY DEVELOPER,2,2,1325
COMPANY PRESIDENT,COMPANY PRESIDENT,2,2,11591.44
COMPUTER ANALYST,COMPUTER ANALYST,2,2,1175
COMPUTER ENGINEER,COMPUTER ENGINEER,2,2,325
COMPUTER SCIENCE,COMPUTER SCIENCE,2,2,5140.16
CONSULTING ENGINEER,CONSULTANT,2,2,3250
CREATIVE DIRECTOR,CREATIVE DIRECTOR,2,2,375
CURATOR,CURATOR,2,2,450
CUSTOMER SERVICE,CUSTOMER SERVICE,2,2,260
DEAN,DEAN,2,2,2000
DEMOGRAPHER,DEMOGRAPHER,2,2,1500
DEPUTY CHIEF ADMINISTRATIVE OFFICER,DEPUTY CHIEF ADMINISTRATIVE OFFICER,2,2,1500
DERMATOLOGIST,DERMATOLOGIST,2,2,528
DEVELOPMENT DIRECTOR,DEVELOPMENT,2,2,1130
DEVELOPMENT MANAGER,DEVELOPMENT,2,2,800
DIRECTOR OF GOVERNMENT RELATIONS,GOVERNMENT,2,2,1250
DIRECTOR OF INTERGOVERNMENTAL AFFAIRS,DIRECTOR,2,2,350
DIRECTOR OF OPERATIONS,DIRECTOR,2,2,6850
DIVISION CHIEF,DIVISION CHIEF,2,2,633
DRIVER,DRIVER,2,2,350
ECONOMIC DEVELOPMENT CONSULTANT,ECONOMIC DEVELOPMENT CONSULTANT,2,2,500
EDUCATION DIRECTOR,EDUCATION DIRECTOR,2,2,1750
EDUCATIONAL CONSULTANT,EDUCATIONAL CONSULTANT,2,2,3550
EDUCATIONAL SPECIALIST,EDUCATIONAL SPECIALIST,2,2,218.22
ELDER CARE,ELDER CARE,2,2,126
ELECTRONICS ENGINEER,ELECTRONICS ENGINEER,2,2,305
ENERGY CONSULTANT,ENERGY CONSULTANT,2,2,1050
ENERGY PROFESSIONAL,ENERGY PROFESSIONAL,2,2,2000
ENVIRONMENTAL CEO/AUTHOR,ENVIRONMENTAL,2,2,1775
ENVIRONMENTAL SCIENTIST,ENVIRONMENTAL,2,2,6677.32
ENVIRONMENTAL SCIENTIST PRES,ENVIRONMENTAL,2,2,220
EVENT PLANNER,EVENT PLANNER,2,2,63.8
EXECUTIVE MANAGER,EXECUTIVE,2,2,4450
EXECUTIVE SEARCH,EXECUTIVE,2,2,605
EXPERT WITNESS,EXPERT WITNESS,2,2,625
FACILITY OPERATIONS SPECIALIST,FACILITY OPERATIONS SPECIALIST,2,2,350
FAMILY CAREGIVER,FAMILY CAREGIVER,2,2,1235.5
FEDERAL CONTRACTOR,FEDERAL CONTRACTOR,2,2,200
FEDERAL WORKER,FEDERAL WORKER,2,2,350
FINANCIAL MANAGER,FINANCIAL MANAGER,2,2,450
FOUNDATION DIRECTOR,FOUNDATION DIRECTOR,2,2,500
FOUNDER & PRESIDENT,FOUNDER & PRESIDENT,2,2,2700
FOUNDER AND CEO,FOUNDER AND CEO,2,2,9900
FOUNDING PARTNER,FOUNDING PARTNER,2,2,3000
FRANCHISEE,FRANCHISEE,2,2,1250
FREELANCE EDITOR,FREELANCE EDITOR,2,2,565
FUNCTIONARY,FUNCTIONARY,2,2,500
GENERAL CONTRACTOR,GENERAL CONTRACTOR,2,2,577.77
GEOLOGIST,GEOLOGIST,2,2,1045
GOVERNMENT REGULATOR,GOVERNMENT,2,2,235
GRANT WRITER,GRANT WRITER,2,2,1000
GRANTS MANAGER,GRANTS MANAGER,2,2,350
GRAPHIC DESIGN,GRAPHIC DESIGN,2,2,145
GROUNDMAINTENENCE,GROUND MAINTENANCE,2,2,550
HEAD OF GOVERNMENT RELATIONS,GOVERNMENT,2,2,1500
HEAD OF SCHOOL,HEAD OF SCHOOL,2,2,1010.25
HEALTH POLICY CONSULTANT,HEALTH POLICY,2,2,4500
HEALTHCARE CONSULTANT,HEALTH CONSULTANT,2,2,1350
HEALTHCARE EXECUTIVE,HEALTHCARE EXECUTIVE,2,2,3500
HOMEBUILDER,HOMEBUILDER,2,2,3500
HOUSEWIFE,HOUSEWIFE,2,2,550
INDOOR AIR QUALITY INSPECTIONS,INDOOR AIR QUALITY INSPECTIONS,2,2,773.06
INDUSTRIAL HYGIENIST,INDUSTRIAL HYGIENIST,2,2,300.24
INFORMATICIST,INFORMATICIST,2,2,69.5
INFORMATION TECHNOLOGY,INFORMATION TECHNOLOGY,2,2,1283.85
ISSUE ADVOCACY,ISSUE ADVOCACY,2,2,600
IT ENGINEER,ENGINEER,2,2,950
LANDSCAPE ARCHITECT,LANDSCAPE ARCHITECT,2,2,800
LANDSCAPER,LANDSCAPER,2,2,515
LIAISON,LIAISON,2,2,120
LICENSED CLINICAL SOCIAL WORKER,CLINICAL SOCIAL WORKER,2,2,805
LIFE COACH,LIFE COACH,2,2,935
LINGUISTICS SERVICES,LINGUISTIC SERVICES,2,2,750
M.D.,M.D.,2,2,545.51
MARKETING DIRECTOR,MARKETING,2,2,500
MATHEMATICAL STATISTICIAN,MATHEMATICAL STATISTICIAN,2,2,330
MECHANIC,MECHANIC,2,2,115
MECHANICAL CONTRACTOR,MECHANICAL CONTRACTOR,2,2,4000
MEDIA CONSULTANT,MEDIA CONSULTANT,2,2,6600
MEDICAL RESEARCH,MEDICAL RESEARCH,2,2,3150
MEDICAL WRITER,MEDICAL WRITER,2,2,1360
MGT CONSULTANT,CONSULTANT,2,2,1301.25
MILITARY OFFICER,MILITARY OFFICER,2,2,356.15
NEUROSURGEON,NEUROSURGEON,2,2,1500
NON PROFIT EX DIR.,NON-PROFIT EXECUTIVE,2,2,2596.12
NON PROFIT EXECUTIVE,NON-PROFIT EXECUTIVE,2,2,504.1
NON-PROFIT CONSULTANT,NON PROFIT CONSULTANT,2,2,800
NON-PROFIT DIRECTOR,NON-PROFIT EXECUTIVE,2,2,750
NONPROFIT ADMIN,NON-PROFIT EXECUTIVE,2,2,100.6
NONPROFIT EXECUTIVE,NON-PROFIT EXECUTIVE,2,2,620
NP,NP,2,2,34
OPERATIONS SPECIALIST,OPERATIONS DIRECTOR,2,2,16.66
OPHTHALMOLOGIST,OPHTHALMOLOGIST,2,2,2000
OPTICIAN,OPTICIAN,2,2,75
ORTHOPAEDIC SURGEON,ORTHOPEDIC SURGEON,2,2,2300
OWNER/PRESIDENT,OWNER/PRESIDENT,2,2,3500
PARISH MANAGER,PARISH MANAGER,2,2,3350
PARNER,PARNER,2,2,698.91
PART TIME NANNY,PART TIME NANNY,2,2,1900
PEER RECOVERY SPECIALIST,PEER RECOVERY SPECIALIST,2,2,150
PERSONAL TRAINER,PERSONAL TRAINER,2,2,750
PET SITTER,PET SITTER,2,2,140.7
PHYSICIAN EXECUTIVE,PHYSICIAN EXECUTIVE,2,2,350
PHYSICIAN REGULATOR,PHYSICIAN REGULATOR,2,2,470
PHYSICIAN RESEARCHER,PHYSICIAN RESEARCHER,2,2,3802.5
PHYSICIAN/SCIENTIST,PHYSICIAN/SCIENTIST,2,2,550
POLICY,POLICY,2,2,1075
POLICY CONSULTANT,POLICY CONSULTANT,2,2,500
POLITICAL ANALYST,POLITICAL ANALYST,2,2,700
POLITICAL DIRECTOR,POLITICAL DIRECTOR,2,2,271.5
PR,PR,2,2,4300
PRINCIPAL ANALYST,PRINCIPAL ANALYST,2,2,3295
PROCUREMENT ANALYST,PROCUREMENT ANALYST,2,2,155.5
PRODUCER,PRODUCER,2,2,800
PRODUCT MANAGER,PRODUCT MANAGER,2,2,750
PROFESSIONAL,PROFESSIONAL,2,2,250
PROGRAM ASSISTANT,PROGRAM ASSISTANT,2,2,290
PROPERTY MANAGEMENT,PROPERTY MANAGEMENT,2,2,1075
PT,CTO,2,2,150
PUBLIC HEALTH PROFESSIONAL,PUBLIC HEALTH PROFESSIONAL,2,2,950
PUBLIC POLICY CONSULTANT,PUBLIC POLICY,2,2,1500
PUBLIC SCHOOL TEACHER,PUBLIC SCHOOL TEACHER,2,2,768
R.N.,R.N.,2,2,513.45
RANCHER,RANCHER,2,2,450
REAL ESTATE MANAGEMENT,REAL ESTATE MANAGEMENT,2,2,1312.3
REAL ESTATE PROFESSIONAL,REAL ESTATE PROFESSIONAL,2,2,6600
REAL ESTATE SALES,REAL ESTATE SALES,2,2,1250
RECRUITER,RECRUITER,2,2,1012.5
REGISTRAR,REGISTRAR,2,2,740
RENTAL PROPERTY OWNER,RENTAL PROPERTY OWNER,2,2,200
REPRESENTATIVE,REPRESENTATIVE,2,2,3900
RESEARCH AND DEVELOPMENT,RESEARCH AND DEVELOPMENT,2,2,450
RESOURCE CONSULTANT,RESOURCE CONSULTANT,2,2,2526
RESTAURANTEUR,RESTAURANTEUR,2,2,1500
RETIRED ATTORNEY,RETIRED ATTORNEY,2,2,1500
RN,R.N.,2,2,668.47
SALES MANAGER,SALES MANAGER,2,2,350
SALES REPRESENTATIVE,REPRESENTATIVE,2,2,708.2
SCHOOL PSYCHOLOGIST,SCHOOL PSYCHOLOGIST,2,2,280.65
SCIENTIST-ENGINEER,SCIENTIST-ENGINEER,2,2,200
SELF EMPLAYED,SELF EMPLOYED,2,2,135
SENIOR ASSOCIATE,SENIOR ASSOCIATE,2,2,600
SENIOR DIRECTOR OF GOVERNMENT AFFAIRS,SENIOR DIRECTOR,2,2,750
SENIOR ECONOMIST,SENIOR ECONOMIST,2,2,6725
SENIOR GOVERNMENT AFFAIRS DIRECTOR,SENIOR GOVERNMENT AFFAIRS DIRECTOR,2,2,1500
SENIOR HUMAN RESOURCES ADVISOR,SENIOR HUMAN RESOURCES ADVISOR,2,2,2625
SENIOR INVESTIGATOR,SENIOR INVESTIGATOR,2,2,995
SENIOR PASTOR,SENIOR PASTOR,2,2,750
SENIOR POLITICAL CONSULTANT,SENIOR POLITICAL CONSULTANT,2,2,1700
SENIOR PROGRAM OFFICER,SENIOR PROGRAM OFFICER,2,2,1365
SENIOR SCIENTIST,SENIOR SCIENTIST,2,2,1260
SENIOR TRIAL ATTORNEY,SENIOR TRIAL ATTORNEY,2,2,150
SOCIAL SCIENCE ANALYST,SOCIAL SCIENCE ANALYST,2,2,150
SOCIAL SCIENTIST,SOCIAL SCIENTIST,2,2,950
SOCIAL SERVICES DIRECTOR,SOCIAL SERVICES DIRECTOR,2,2,325
SOCIOLOGIST,SOCIOLOGIST,2,2,1051.1100000000001
SR. IT PROJECT MANAGER,IT PROJECT MANAGER,2,2,125
STANDARDIZED PATIENT,STANDARDIZED PATIENT,2,2,1500
STATE SENATOR,STATE SENATOR,2,2,2250
STATE TREASURER,STATE TREASURER,2,2,6050
STRUCTURAL ENGINEER,STRUCTURAL ENGINEER,2,2,1100
STUDENT,STUDENT,2,2,55
SUBSTITUTE TEACHER,SUBSTITUTE TEACHER,2,2,530
SUPERVISORY PROGRAM ANALYST,SUPERVISOR,2,2,1250
SYSTEM ADMINISTRATOR,ADMINISTRATOR,2,2,78.66
TECH WRITER,TECH WRITER,2,2,295.61
TECHNICAL ANALYST,TECHNICAL ANALYST,2,2,1560
TRANSPORTATION,TRANSPORTATION,2,2,575
TRANSPORTATION CONSULTANT,TRANSPORTATION,2,2,582.04
TRAVEL CONSULTANT,TRAVEL CONSULTANT,2,2,559.21
TRUSTEE,TRUSTEE,2,2,1375
UNIVERSITY ADMINISTRATOR,UNIVERSITY ADMINISTRATION,2,2,500
VOLUNTEER,VOLUNTEER,2,2,185
VP FINANCE,VP FINANCE,2,2,2150
VP OF BUSINESS DEVELOPMENT,BUSINESS DEVELOPMENT,2,2,500
WEALTH MANAGEMENT ADVISOR,WEALTH MANAGEMENT ADVISOR,2,2,4300
WORKER SAFETY CONSULTANT,WORKER SAFETY CONSULTANT,2,2,800
3505 STONE COMMONS PL.#104,3505 STONE COMMONS PL.#104,1,1,500
3RD SHIFT MAINTENANCE,3RD SHIFT MAINTENANCE,1,1,50
AA CLERK OF COURT,AA CLERK OF COURT,1,1,1832.18
ACADEMIA,ACADEMIA,1,1,243
ACADEMIC LIBRARIAN,ACADEMIC LIBRARIAN,1,1,300
ACCOUNT EXECUTIVE,ACCOUNT EXECUTIVE,1,1,250
ACCOUNT MANAGER,ACCOUNT MANAGER,1,1,140
ACCOUNTANT/CONTROLLER,ACCOUNTANT/CONTROLLER,1,1,1
ACCOUNTING ANALYST,ACCOUNTING ANALYST,1,1,165
ACCOUNTS PAYABLE DIRECTOR,ACCOUNTS PAYABLE DIRECTOR,1,1,300
ACF - CHIEF MEDICAL OFFICER,ACF - CHIEF MEDICAL OFFICER,1,1,100
ACQUISITION SPECIALIST,ACQUISITION SPECIALIST,1,1,125
ACQUISITIONS SPECIALIST,ACQUISITION SPECIALIST,1,1,350
ACTOR,ACTOR,1,1,65
ACTOR/MANAGER CONSULTANT,ACTOR/MANAGER CONSULTANT,1,1,100
ACTRESS,ACTRESS,1,1,3300
ACTUARY,ACTUARY,1,1,199
AD SALES PERSON,AD SALES PERSON,1,1,228
ADJUNCT ENGLISH PROFESSOR,ADJUNCT ENGLISH PROFESSOR,1,1,10
ADJUNCT FACULTY,ADJUNCT FACULTY,1,1,223
ADMIN LAW JUDGE,ADMIN LAW JUDGE,1,1,751
ADMIN. ASSISTANT,ADMIN. ASSISTANT,1,1,70
ADMIN. ASST,ADMIN ASST,1,1,10
ADMINISTRATIVE CONSULTANT,ADMINISTRATIVE,1,1,500
ADMINISTRATIVE LAW JUDGE,ADMINISTRATIVE,1,1,212
ADMINISTRATIVE OFFICER,ADMINISTRATIVE,1,1,100
ADMINISTRATIVE SUPERVISOR,ADMINISTRATIVE,1,1,250
ADMINISTRATIVE TRADEMARK JUDGE,ADMINISTRATIVE,1,1,250
ADMINISTRATOR -EDUCATION,ADMINISTRATIVE,1,1,25
ADV CONSULTANT,ADV CONSULTANT,1,1,450
ADVANCED SPINE & PAIN,ADVANCED SPINE & PAIN,1,1,2000
ADVANCEMENT,ADVANCEMENT,1,1,1000
ADVERTISING,ADVERTISING,1,1,250
ADVERTISING CONSULTANT,ADVERTISING,1,1,550
ADVISORY,ADVISORY,1,1,250
ADVOCACY DIRECTOR,ADVOCACY DIRECTOR,1,1,250
AEROSPACE,AEROSPACE,1,1,520.51
AEROSPACE ENGINEER,AEROSPACE ENGINEER,1,1,10
AFO,AFO,1,1,26.35
AGENT,AGENT,1,1,1000
AI PRODUCT MANAGER,AI PRODUCT MANAGER,1,1,250
AIRLINE PILOT,AIRLINE PILOT,1,1,510
"AMERICAN DEFENSE INTERNATIONAL, INC.","AMERICAN DEFENSE INTERNATIONAL, INC.",1,1,2300
AMHA LLC,AMHA LLC,1,1,697.84
ANALYSTS,ANALYST,1,1,4
ANIMAL ACUPUNCTURIST,ANIMAL ACUPUNCTURIST,1,1,200
ANTIQUES DEALER,ANTIQUES DEALER,1,1,1000
ANTITRUST SPECIALIST,ANTITRUST SPECIALIST,1,1,200
APPLICATION DEVELOPER,DEVELOPER,1,1,250
ARBITRATOR,ARBITRATOR,1,1,250
ARBORIST,ARBORIST,1,1,1000
ARCHITECT/ENGINEERING,ARCHITECT,1,1,1000
ARCHITECTURAL & ENG SVCS,ARCHITECT,1,1,250
ARCHIVIST,ARCHIVIST,1,1,75
ARMY,ARMY,1,1,100
ART APPRAISER,ART APPRAISER,1,1,50
ART DIRECTOR,DIRECTOR,1,1,300
ART GALLERY OWNER,ART GALLERY OWNER,1,1,500
ARTIST ANTHROPOLOGIST EDUCATOR,ARTIST ANTHROPOLOGIST EDUCATOR,1,1,85
ARTS ADMINISTRATOR,ADMINISTRATOR,1,1,25
ASKINAZI LAW,ASKINAZI LAW,1,1,1000
ASSET MANAGER,ASSET MANAGER,1,1,250
ASSISTANT ASSOCIATE DIRECTOR,ASSISTANT DIRECTOR,1,1,100
ASSISTANT COACH,ASSISTANT COACH,1,1,1000
ASSISTANT DEPUTY ADMINISTRATOR,ASSISTANT DIRECTOR,1,1,100
ASSISTANT DIRECTOR (ASIA PACIFIC INSTI,ASSISTANT DIRECTOR,1,1,500
ASSISTANT DIRECTOR FOR POLICY ANALYSIS,ASSISTANT DIRECTOR,1,1,700
ASSISTANT GENERAL COUNSEL,ASSISTANT DIRECTOR,1,1,500
ASSISTANT MANAGER DEMOCRATIC CLOAKROOM,ASSISTANT DIRECTOR,1,1,500
ASSISTANT PASTOR,ASSISTANT DIRECTOR,1,1,300
ASSISTANT PRINCIPAL,ASSISTANT DIRECTOR,1,1,250
ASSISTANT SECRETARY,ASSISTANT SECRETARY,1,1,3300
ASSISTANT STATE'S ATTORNEY,ASSISTANT STATE'S ATTORNEY,1,1,100
ASSITANT DIRECTOR,ASSISTANT DIRECTOR,1,1,45
ASSOCIATE,ASSOCIATE,1,1,691.8199999999999
ASSOCIATE DEPUTY ADMINISTRATOR,ASSOCIATE DEPUTY ADMINISTRATOR,1,1,140
ASSOCIATE MANAGING DIRECTOR,ASSOCIATE MANAGING DIRECTOR,1,1,1150
ASSOCIATE PROFESSOR,ASSOCIATE PROFESSOR,1,1,250
ASSOCIATE PROFESSOR OF HISTORY,ASSOCIATE PROFESSOR,1,1,450
ASSOCIATE PROFESSOR/MENTAL HEALTH CLIN,ASSOCIATE PROFESSOR,1,1,250
ASSOCIATE QC MICROBIOLOGIST,ASSOCIATE QC MICROBIOLOGIST,1,1,61
ASSOCIATE VICE PRESIDENT,VICE PRESIDENT,1,1,300
ASSOCIATE VICE PRESIDENT FOR EDUCATION,VICE PRESIDENT,1,1,250
ASSOCIATION MANAGEMENT,ASSOCIATION MANAGEMENT,1,1,250
ASSOCIATION MANAGER,ASSOCIATION MANAGER,1,1,1000
ASST DIR,ASST DIR,1,1,28
ASST. DIRECTOR,ASST. DIRECTOR,1,1,50
ASST. FAMILY TEACHER,ASST. FAMILY TEACHER,1,1,5
ATTONEY,ATTONEY,1,1,1000
ATTORNET,ATTORNEY,1,1,1000
ATTORNEY (GULC '02 ALUM GO HOYAS),ATTORNEY (GULC '02 ALUM GO HOYAS),1,1,100
ATTORNEY AND LOBBYIST,ATTORNEY AND LOBBYIST,1,1,500
ATTORNEY LAND DEVELOPMENT,ATTORNEY LAND DEVELOPMENT,1,1,550
ATTORNEY/BANKER,ATTORNEY/BANKER,1,1,500
ATTORNEY/CONSULTANT,ATTORNEY/CONSULTANT,1,1,25
ATTORNEY/NON-PROFIT CONSULTANT,ATTORNEY/NON-PROFIT CONSULTANT,1,1,12.5
ATTORRNEY,ATTORNEY,1,1,1000
AUCTION CONSULTANT,AUCTION CONSULTANT,1,1,500
AUCTION CONSULTANT AND COMMUNITY VOLUN,AUCTION CONSULTANT AND COMMUNITY VOLUN,1,1,500
AUDIO SPECIALIST,AUDIO SPECIALIST,1,1,170
AUDIO/LIGHTING ENGINEER,AUDIO/LIGHTING ENGINEER,1,1,500
AUDIT LIAISON SPECIALIST,AUDIT LIAISON SPECIALIST,1,1,150
AUDITOR/ACCOUNTANT,AUDITOR/ACCOUNTANT,1,1,175
AUTO-RV DEALER,AUTO-RV DEALER,1,1,3300
AUTOMOBILE DEALER,AUTOMOBILE DEALER,1,1,3300
AUTOMOTIVE,AUTOMOTIVE,1,1,1000
AVIATION,AVIATION,1,1,1541.98
AVP OF GOVERNMENT RELATIONS,AVP OF GOVERNMENT RELATIONS,1,1,250
BAKER,BAKER,1,1,3300
BANK EXAMINER,BANK EXAMINER,1,1,50
BANK REGULATOR,BANK REGULATOR,1,1,300
BAR OWNER,BAR OWNER,1,1,156.14999999999998
BD,BD,1,1,30
BEHAVIORAL HEALTH SYSTEM SCIENTIST,BEHAVIORAL HEALTH SYSTEM SCIENTIST,1,1,318.2
BEHAVIORIST,BEHAVIORIST,1,1,15
BELLAMY GENN GROUP,BELLAMY GENN GROUP,1,1,500
BENEFIT AUTHORIZE,BENEFIT AUTHORIZER,1,1,15
BENEFIT AUTHORIZER AT SOCIAL SECURITY,BENEFIT AUTHORIZER,1,1,15
BENEFITS CONSULTANT,BENEFITS CONSULTANT,1,1,2500
BIOCHEMIST,BIOCHEMIST,1,1,208
BIOLOGIST,BIOLOGIST,1,1,1300
BIOPHARMACEUTICAL ASSOCIATE II,BIOPHARMACEUTICAL ASSOCIATE II,1,1,30
BIOTECH/RETIRED MILITARY,BIOTECH/RETIRED MILITARY,1,1,500
BOARD,BOARD,1,1,500
BOARD OF DIRECTORS VICE CHAIR,BOARD OF DIRECTORS VICE CHAIR,1,1,6600
BOAT CAPTAIN,BOAT CAPTAIN,1,1,10
BOAT REPAIR,BOAT REPAIR,1,1,52.5
BOOKKEEPING,BOOKKEEPING,1,1,104.1
BOOKS,BOOKS,1,1,4278.75
BRANCH CHIEF,BRANCH CHIEF,1,1,500
BUDGET DIRECTOR,BUDGET DIRECTOR,1,1,700
BUILDER DEVELOPER,BUILDER DEVELOPER,1,1,208.2
BUILDING CONTRACTOR,BUILDING CONTRACTOR,1,1,520.5
BUISNESS CONSULTANT,BUISNESS CONSULTANT,1,1,500
BUS DEVEL ANALYSIS SR MGR,BUS DEVEL ANALYSIS SR MGR,1,1,1000
BUS MANAGER,BUS MANAGER,1,1,398
BUS MGR,BUS MGR,1,1,147.77
BUSINES OWNER,BUSINES OWNER,1,1,2000
BUSINES OWNER - MEDICAL DEVICES,BUSINES OWNER,1,1,1000
BUSINESS (MORTGAGE LENDER),BUSINESS (MORTGAGE LENDER),1,1,2500
BUSINESS ANALYST,ANALYST,1,1,146.2
BUSINESS CONSULTANT,BUISNESS CONSULTANT,1,1,350
BUSINESS CONSULTING,BUISNESS CONSULTANT,1,1,1000
BUSINESS DEVELOENT,BUSINESS DEVELOPMENT,1,1,150
BUSINESS DEVELOPMENT COORDINATOR,BUSINESS DEVELOPMENT,1,1,208.2
BUSINESS DEVELOPMENT DIRECTOR,BUSINESS DEVELOPMENT,1,1,1000
BUSINESS DEVELOPMENT EXECUTIVE,BUSINESS DEVELOPMENT,1,1,250
BUSINESS DEVELOPMENT MANAGER,BUSINESS DEVELOPMENT,1,1,250
BUSINESS ECONOMIST,BUSINESS ECONOMIST,1,1,300
BUSINESS MGR,BUSINESS MGR,1,1,50
BUSINESS OPERATIONS ASSOCIATE,BUSINESS OPERATIONS ASSOCIATE,1,1,352.27
BUSINESS OWNDER,BUSINES OWNER,1,1,100
BUSINESS OWNER/FARMER,BUSINES OWNER,1,1,500
BUSINESS PROCESS ANALYST,ANALYST,1,1,250
BUSINESS RELATIONSHIP MANAGER,BUSINESS RELATIONSHIP MANAGER,1,1,150
BUSINESS UNIT DIRECTOR,BUSINESS UNIT DIRECTOR,1,1,500
BUYER,BUYER,1,1,255
C P A,C.P.A.,1,1,525
C.F.O.,CFO,1,1,1000
CABINET SECRETARY,CABINET SECRETARY,1,1,1500
CABLE INSTALLER,CABLE INSTALLER,1,1,325
CAMPAING CONSULTANT,CAMPAING CONSULTANT,1,1,150
CAMPGROUND EMPLOYEE,CAMPGROUND EMPLOYEE,1,1,1000
CANCER EARLY DETECTION ONCOLOGIST,CANCER EARLY DETECTION ONCOLOGIST,1,1,2500
CAPABILITIES MANAGEMENT,CAPABILITIES MANAGEMENT,1,1,500
CAPITAL MARKETS,CAPITAL MARKETS,1,1,3300
CARETAKER,CARETAKER,1,1,400
CASINO DEALER,CASINO DEALER,1,1,7
CDO,CDO,1,1,250
CEO UNDERWRITING,CEO UNDERWRITING,1,1,1124.61
CEO/AUTHOR,CEO/AUTHOR,1,1,600
CEO/PRESIDENT,CEO & PRESIDENT,1,1,1000
CERTIFIED GENERAL APPRAISER,CERTIFIED GENERAL APPRAISER,1,1,242.79
CGO,CGO,1,1,75
CHAIR AND CEO,CHAIR AND CEO,1,1,4600
CHAIRMAN & PRESIDENT,CHAIRMAN & PRESIDENT,1,1,4800
CHAIRMAN EMERITAS,CHAIRMAN EMERITAS,1,1,400
CHAIRMAN EMERITUS,CHAIRMAN EMERITAS,1,1,250
"CHAIRMAN, CEO AND PRESIDENT","CHAIRMAN, CEO AND PRESIDENT",1,1,1000
CHANCELLOR,CHANCELLOR,1,1,1000
CHEF/OWNER,CHEF/OWNER,1,1,100
CHESAPEAKE BAY SYNTHETIC LANDSCAPES L,CHESAPEAKE BAY SYNTHETIC LANDSCAPES L,1,1,204.1
CHIEF COMMUNICATIONS OFFICER,CHIEF COMMUNICATIONS OFFICER,1,1,250
CHIEF COUNSEL,CHIEF COUNSEL,1,1,75
CHIEF CREDIT RISK OFFICER,CHIEF CREDIT RISK OFFICER,1,1,2000
CHIEF ECONOMIST,CHIEF ECONOMIST,1,1,500
CHIEF FINANCIAL OFFICER,CHIEF FINANCIAL OFFICER,1,1,500
CHIEF FOIA OFFICE,CHIEF FOIA OFFICE,1,1,100
CHIEF GOVERNMENT AFFAIRS OFFICER,CHIEF GOVERNMENT AFFAIRS OFFICER,1,1,500
CHIEF INFORMATION OFFICER,CHIEF INFORMATION OFFICER,1,1,750
CHIEF OF STAFF FOR COUNCIL MEMBER,CHIEF OF STAFF,1,1,100
CHIEF OF STAFF/COUNSEL,CHIEF OF STAFF,1,1,300
CHIEF OF STRATEGY & IMPLEMENTATION,CHIEF OF STRATEGY & IMPLEMENTATION,1,1,100
CHIEF POLICY OFFICER,CHIEF POLICY OFFICER,1,1,50
CHIEF PROGRAM OFFICER,CHIEF PROGRAM OFFICER,1,1,250
CHIEF REGULATORY & POLICY OFFICER,CHIEF REGULATORY & POLICY OFFICER,1,1,200
CHIEF RESEARCH OFFICER,CHIEF RESEARCH OFFICER,1,1,1850
CHIEF STRATEGY OFFICER & EXECUTIVE VIC,CHIEF STRATEGY OFFICER & EXECUTIVE VIC,1,1,28
CHIEF TECHNOLOGY OFFICER,CHIEF TECHNOLOGY OFFICER,1,1,75
"CHIEF TRAINING PROGRAM UNIT, RSA","CHIEF TRAINING PROGRAM UNIT, RSA",1,1,100
CHILD & ADOLESCENT PSYCHIATRIST,CHILD & ADOLESCENT PSYCHIATRIST,1,1,250
CHIROPRACTOR,CHIROPRACTOR,1,1,1200
CITY COMMISSIONER,CITY COMMISSIONER,1,1,300
CITY COUNCILMAN,CITY COUNCILMAN,1,1,250
CITY EMPLOYEE,CITY EMPLOYEE,1,1,300
CITY PLANNER,CITY PLANNER,1,1,1000
CIVIL RIGHTS,CIVIL RIGHTS,1,1,150
CIVIL SERVICE - PUBLIC HEALTH,CIVIL SERVANT,1,1,126
CLAIMS EXAMINER,CLAIMS EXAMINER,1,1,5
CLEAN ENERGY ADVISOR,CLEAN ENERGY ADVISOR,1,1,2500
CLERGY/CONSULTANT,CLERGY/CONSULTANT,1,1,200
CLERK OF CIRCUIT COURT,CLERK OF CIRCUIT COURT,1,1,50
CLERK OF THE COURT,CLERK OF THE COURT,1,1,200
CLIENT SERVICE MANAGER,CLIENT SERVICE MANAGER,1,1,75
CLIMATE ADVISOR,CLIMATE ADVISOR,1,1,1000
CLINICAL DIRECTOR,CLINICAL DIRECTOR,1,1,100
CLINICAL DOCUMENTATION NURSE,CLINICAL DOCUMENTATION NURSE,1,1,500
CLINICAL LAB SCIENTIST,CLINICAL LAB SCIENTIST,1,1,4.76
CLINICAL PSYCHOTHERAPIST,CLINICAL PSYCHOTHERAPIST,1,1,250
CLINICAL SKILLS EDUCATOR,CLINICAL SKILLS EDUCATOR,1,1,240
CO FOUNDER EXECUTIVE DIRECTOR,CO FOUNDER EXECUTIVE DIRECTOR,1,1,500
CO-CHAIR,CO-CHAIR,1,1,500
CO-FOUNDER & COO,CO-FOUNDER & COO,1,1,300
CO-FOUNDER & PARTNER,CO-FOUNDER & PARTNER,1,1,500
CO-FOUNDER & PRESIDENT,FOUNDER & PRESIDENT,1,1,250
CO-OWNER,CO-OWNER,1,1,25
COACH,COACH,1,1,500
CODE ENFORCEMENT OFFICER,CODE ENFORCEMENT OFFICER,1,1,25
COLLEGE COUNSELOR,COLLEGE COUNSELOR,1,1,3300
COLLEGE TEACHER,COLLEGE TEACHER,1,1,50
COMMERCIAL ACCOUNT EXECUTIVE,COMMERCIAL ACCOUNT EXECUTIVE,1,1,500
COMMERCIAL BANKER,COMMERCIAL BANKER,1,1,250
COMMERCIAL KITCHEN DESIGN,COMMERCIAL KITCHEN DESIGN,1,1,26.03
COMMERCIAL REAL ESTATE ADVISOR,COMMERCIAL REAL ESTATE,1,1,25
COMMERCIAL REAL ESTATE SALES,COMMERCIAL REAL ESTATE,1,1,500
COMMERCIAL WRITER,COMMERCIAL WRITER,1,1,170.29999999999998
COMMISIONER,COMMISSIONER,1,1,2200
COMMUNICATION,COMMUNICATIONS,1,1,50
COMMUNICATION CONSULTANT,COMMUNICATIONS,1,1,3000
COMMUNICATIONS OFFICER,COMMUNICATIONS,1,1,152.5
COMMUNICATIONS SPECIALIST,COMMUNICATIONS,1,1,60
COMMUNICATIONS STRATEGIST,COMMUNICATIONS,1,1,250
COMMUNICATIONS VICE PRESIDENT,COMMUNICATIONS,1,1,250
COMMUNITY DEVELOPER,COMMUNITY DEVELOPER,1,1,25
COMMUNITY DEVELOPMENT CONSULTANT,COMMUNITY DEVELOPER,1,1,1000
COMMUNITY RELATIONS,COMMUNITY RELATIONS,1,1,500
COMMUNITY SUPPORT,COMMUNITY SUPPORT,1,1,208
COMPTROLLER,COMPTROLLER,1,1,250
COMPUTER CONSULTANT,COMPUTER CONSULTANT,1,1,1250
COMPUTER SECURITY,COMPUTER SECURITY,1,1,140
COMPUTER SECURITY CONSULTANT,COMPUTER SECURITY,1,1,250
COMPUTER SPECIALIST,COMPUTER SPECIALIST,1,1,151.83
COMPUTER SYSTEMS ANALYST,COMPUTER SYSTEMS ANALYST,1,1,150.1
CONDUCTOR,CONDUCTOR,1,1,205
CONFECTIONERY,CONFECTIONERY,1,1,3000
CONFERENCE AND EVENT MANAGEMENT,CONFERENCE AND EVENT MANAGEMENT,1,1,500
CONGRESSMAN,CONGRESSMAN,1,1,1000
CONSERVATION DIRECTOR,CONSERVATION DIRECTOR,1,1,250
CONSTR PROJECT MGR,CONSTR PROJECT MGR,1,1,255
CONSTRUCTION AGGREGATES,CONSTRUCTION,1,1,4800
CONSTRUCTION CONTRACTOR,CONSTRUCTION,1,1,250
CONSTRUCTION MANAGEMENT,CONSTRUCTION,1,1,100
CONSTRUCTION MANAGER,CONSTRUCTION,1,1,1000
CONSULANT,CONSULTANT,1,1,50
CONSULTANT AND BOARD MEMBER,CONSULTANT,1,1,2041.02
CONSULTANT PROJECT MNGR,CONSULTANT,1,1,260.25
CONSULTANT REAL ESTATE MANAGEMENT,CONSULTANT,1,1,250
CONSULTANT REAL ESTATE MANAGER,CONSULTANT,1,1,750
CONSULTANT.,CONSULTANT,1,1,250
CONSULTANT/PROGRAM LEADER,CONSULTANT,1,1,28
CONSULTANT/RESEARCHER,CONSULTANT,1,1,15
CONSULTANTS,CONSULTANT,1,1,500
CONSULTIMC,CONSULTANT,1,1,1000
CONSULTING-AEROSPACE,CONSULTANT,1,1,27.77
CONSUMER BANKING,CONSUMER BANKING,1,1,250
CONSUTANT,CONSUTANT,1,1,150
CONSUULTANT,CONSULTANT,1,1,300
CONTRACT MANAGER,CONTRACTS MANAGER,1,1,40.48
CONTRACTING,CONTRACTING,1,1,6600
CONTRACTS MANAGER,CONTRACTS MANAGER,1,1,25
CONTROL ROOM OPERATOR,CONTROL ROOM OPERATOR,1,1,240
CONTROLS & SYSTEMS ENGINEERING,CONTROLS & SYSTEMS ENGINEERING,1,1,1000
COO OF CONTRACT SERVICES,COO OF CONTRACT SERVICES,1,1,100
COORDINATOR,COORDINATOR,1,1,250
"COORDINATOR, LEADERSHIP DEVELOPMENT","COORDINATOR, LEADERSHIP DEVELOPMENT",1,1,500
COPYEDITOR,COPYEDITOR,1,1,243
CORPORATE EXECUTIVE,CORPORATE EXECUTIVE,1,1,2500
CORPORATE REAL ESTATE,CORPORATE REAL ESTATE,1,1,1500
COSMETOLOGIST,COSMETOLOGIST,1,1,225
COSMETOLOGY,COSMETOLOGIST,1,1,50
COST/PRICE ANALYST,COST/PRICE ANALYST,1,1,153.09
COUNCILMEMBER,COUNCILMEMBER,1,1,100
COUNSEL,COUNSEL,1,1,250
COUNSELOR AT LAW,COUNSELOR AT LAW,1,1,364.34999999999997
COUNTY ADMINISTRATIVE OFFICER,COUNTY ADMINISTRATIVE OFFICER,1,1,800
COUNTY EXECUTIVE,COUNTY EXECUTIVE,1,1,1000
COURT CLERK,COURT CLERK,1,1,106
CPO,CPO,1,1,5000
CRE BROKER,CRE BROKER,1,1,135
CREDIT RISK MANAGEMENT,CREDIT RISK MANAGEMENT,1,1,1700
CREDIT RISK MANAGER,CREDIT RISK MANAGEMENT,1,1,650
CSO,CSO,1,1,1000
CSP IV,CSP IV,1,1,100
CSR,CSR,1,1,30
CUSTOM FRAMER,CUSTOM FRAMER,1,1,400
CUSTOMER SERVICE AGENT,CUSTOMER SERVICE,1,1,5
CYBER,CYBER,1,1,50
CYBER ANALYST,CYBER ANALYST,1,1,500
CYBER SECURITY,CYBER SECURITY,1,1,150
CYBER SECURITY LEAD CONSULTANT,CYBER SECURITY,1,1,250
CYBER THREAT ANALYST,CYBER THREAT ANALYST,1,1,54
CYBERSECURITY,CYBER SECURITY,1,1,500
CYBERSECURITY ANALYST,CYBER SECURITY,1,1,250
CYBERSECURITY PLANNER,CYBER SECURITY,1,1,265.25
CYBERSECURITY SPECIALIST,CYBER SECURITY,1,1,450
D.B.Z. DATABASE CONSULTANT,D.B.Z. DATABASE CONSULTANT,1,1,200
DATA MANAGER,DATA MANAGER,1,1,137
DATA SCIENTIST,SCIENTIST,1,1,90
DATABASE CONTENT MANAGER,DATABASE CONTENT MANAGER,1,1,150
DATABASE MANAGER,DATABASE MANAGER,1,1,25
DAYCARE,DAYCARE,1,1,110
DCAO,DCAO,1,1,500
DEALER,DEALER,1,1,3300
DECLINED TO PROVIDE,DECLINED TO PROVIDE,1,1,1500
DEFENSE CONSULTANT,DEFENSE CONSULTANT,1,1,350
DEFENSE ECONOMIST,DEFENSE ECONOMIST,1,1,250
DELI CLERK,DELI CLERK,1,1,0
DENTAL HYGIENIST,DENTAL HYGIENIST,1,1,234.23000000000002
DENTAL SURGEON,DENTAL SURGEON,1,1,250
DEPARTMENT MANAGER,DEPARTMENT MANAGER,1,1,1000
DEPUTY,DEPUTY,1,1,1000
DEPUTY ADMINISTRATOR & DIRECTOR,DEPUTY ADMINISTRATOR & DIRECTOR,1,1,300
DEPUTY ASSISTANT SECRETARY,DEPUTY ASSISTANT SECRETARY,1,1,250
DEPUTY COS,DEPUTY COS,1,1,500
DEPUTY RESEARCH DIRECTOR,DEPUTY RESEARCH DIRECTOR,1,1,100
DEPUTY SECRETARY,DEPUTY SECRETARY,1,1,250
DEPUTY SECRETARY OF COMMERCE,DEPUTY SECRETARY OF COMMERCE,1,1,2000
DESKTOP PUBLISHING SPECIALIST,DESKTOP PUBLISHING SPECIALIST,1,1,82
DEV DIRECTOR,DIRECTOR,1,1,241.67000000000002
DEVELOPER/BUILDER,DEVELOPER/BUILDER,1,1,1000
DEVELOPMENT COORDINATOR,DEVELOPMENT,1,1,100
DIAGNOSTIC MEDICAL SONOGRAPHER,DIAGNOSTIC MEDICAL SONOGRAPHER,1,1,206
DIGITAL DIRECTOR,DIGITAL DIRECTOR,1,1,4
DIGITAL PUBLISHING,DIGITAL PUBLISHING,1,1,72.25
DIH DESIGNERS,DIH DESIGNERS,1,1,25
DIPLOMAT,DIPLOMAT,1,1,250
DIR GOVERNMENT RELATIONS,DIRECTOR,1,1,1000
DIR OF OPERATIONS,DIR OF OPERATIONS,1,1,208.2
DIR OF RESEARCH,DIR OF RESEARCH,1,1,800
DIRECTOR EDUCATION PROGRAM,DIRECTOR EDUCATION PROGRAM,1,1,500
DIRECTOR FOR RENEWABLE ENERGY,DIRECTOR,1,1,250
DIRECTOR GOVERNMENT AFFAIRS,DIRECTOR,1,1,500
DIRECTOR GOVERNMENT RELATIONS,DIRECTOR,1,1,250
DIRECTOR OF ALUMNI PROGRAMS,DIRECTOR,1,1,1100
DIRECTOR OF BUISNESS DEVELOPMENT,DIRECTOR,1,1,610.25
DIRECTOR OF CLIENT RELATIONSHIPS,DIRECTOR,1,1,1700
DIRECTOR OF CO-OP OPERATIONS,DIRECTOR,1,1,450
DIRECTOR OF COMMUNITY ENGAGEMENT,DIRECTOR,1,1,710
DIRECTOR OF CORPORATE COMMUNITY IMPACT,DIRECTOR,1,1,500
DIRECTOR OF DEVELOPMENT AND EXTERN AFF,DIRECTOR,1,1,200
DIRECTOR OF EDUCATION,DIRECTOR,1,1,1000
DIRECTOR OF EDUCATION INITIATIVES,DIRECTOR,1,1,250
DIRECTOR OF EVENTS,DIRECTOR,1,1,1000
DIRECTOR OF EXTERNAL RELATIONS,DIRECTOR,1,1,250
DIRECTOR OF FEDERAL AFFAIR,DIRECTOR,1,1,250
DIRECTOR OF GOVERNMENT RELATIONS AND R,GOVERNMENT,1,1,200
DIRECTOR OF GRANTMAKING,DIRECTOR,1,1,250
DIRECTOR OF K-12 PROGRAMS,DIRECTOR,1,1,250
DIRECTOR OF NONPROFIT COALITION,DIRECTOR,1,1,150
DIRECTOR OF OPERATIONS & FINANCE,DIRECTOR,1,1,330
DIRECTOR OF PATIENT AFFAIRS,DIRECTOR,1,1,1000
DIRECTOR OF PAYROLL,DIRECTOR,1,1,500
DIRECTOR OF POLICY PLANNING &PUBLIC AF,DIRECTOR,1,1,1000
DIRECTOR OF PRODUCT ENGINEERING,DIRECTOR,1,1,1000
DIRECTOR OF PRODUCT MARKETING,DIRECTOR,1,1,1000
DIRECTOR OF PUBLIC POLICY,DIRECTOR,1,1,500
DIRECTOR OF RESEARCH,DIRECTOR,1,1,350
DIRECTOR OF SOFTWARE DEVELOPMENT,DIRECTOR,1,1,75
DIRECTOR OF STAKEHOLDER ENGAGEMENT,DIRECTOR,1,1,2500
DIRECTOR OF STRATEGIC PARTNERSHIP,DIRECTOR,1,1,250
DIRECTOR OF STRATEGY,DIRECTOR,1,1,213.2
DIRECTOR OF STRATEGY & OPERATIONS,DIRECTOR,1,1,250
DIRECTOR OF SURGICAL SERVICES,DIRECTOR,1,1,1000
DIRECTOR OF TALENT ACQUISITION,DIRECTOR,1,1,250
DIRECTOR OPERATIONS,DIRECTOR,1,1,375
DIRECTOR PUBLIC AFFAIRS,DIRECTOR,1,1,75
DIRECTOR RECEIVABLES MANAGER,DIRECTOR,1,1,84
DIRECTOR STRATEGIC POLICY INITIATIVES,DIRECTOR,1,1,325
DIRECTOR SUPPLY CHAIN,DIRECTOR SUPPLY CHAIN,1,1,500
"DIRECTOR, STRATEGY AND OPERATIONS",DIRECTOR,1,1,500
DIRECTOR-DC,DIRECTOR-DC,1,1,140
DIRECTOR-ITS A GOOD DAY,DIRECTOR,1,1,500
DIRECTOR: US GOVERNMENT RELATIONS AND,DIRECTOR,1,1,1500
DISABLED/UNEMPLOYED,DISABLED/UNEMPLOYED,1,1,210
DISTILLER,DISTILLER,1,1,1000
DIVERSITY INCLUSION CONSULTANT,DIVERSITY INCLUSION CONSULTANT,1,1,1000
DIVERSITY OFFICER,DIVERSITY OFFICER,1,1,50
DIVISION CHIEF/MAYOR,DIVISION CHIEF/MAYOR,1,1,400
DLA PIPER,DLA PIPER,1,1,5000
DOCTOR OF INTERNAL MEDICINE,DOCTOR OF INTERNAL MEDICINE,1,1,350
DOCTOR OF MEDICINE,DOCTOR OF MEDICINE,1,1,75
DOG WALKER,DOG WALKER,1,1,255
DTS,DTS,1,1,250
ECONOMIC DEV PM CONSUL,ECONOMIC DEV PM CONSUL,1,1,500
ECONOMIC POLICY ANALYST,ECONOMIC POLICY ANALYST,1,1,1000
ECONOMIST/ENGINEER,ECONOMIST/ENGINEER,1,1,500
ECS,ECS,1,1,60
EDITOR & WRITER,EDITOR & WRITER,1,1,576
EDUCATION ADVOCATE,EDUCATION ADVOCATE,1,1,250
EDUCATION CONSULANT,EDUCATION CONSULANT,1,1,100
EDUCATION FOUNDATION,EDUCATION FOUNDATION,1,1,3300
EDUCATION POLICY,EDUCATION POLICY,1,1,1000
EDUCATIONAL ADMIN,EDUCATIONAL ADMIN,1,1,50
EDUCATIONAL RESEARCHER,EDUCATION RESEARCHER,1,1,100
EDUCATIONAL THERAPIST,EDUCATIONAL THERAPIST,1,1,285.19
EE,EE,1,1,1000
EEO MANAGER,EEO MANAGER,1,1,250
ELEARNING SPECIALIST,ELEARNING SPECIALIST,1,1,210
ELECTED OFFICIAL,ELECTED OFFICIAL,1,1,500
ELECTRICAL CONTRACTOR,ELECTRICAL CONTRACTOR,1,1,2000
ELEVATOR CONSULTANT,ELEVATOR CONSULTANT,1,1,500
EMERGENCY PREPAREDNESS PLANNER,EMERGENCY PREPAREDNESS PLANNER,1,1,104.1
EMMER CONSULTING,EMMER CONSULTING,1,1,2000
EMPLOYED,EMPLOYED,1,1,20.25
ENDODONTIST,ENDODONTIST,1,1,250
ENERGY,ENERGY,1,1,500
ENERGY ANALYST,ENERGY ANALYST,1,1,1200
ENERGY EFFICIENCY,ENERGY EFFICIENCY,1,1,250
ENERGY OFFICER,ENERGY OFFICER,1,1,3300
ENERGY PIONEER/NANNY,ENERGY PIONEER/NANNY,1,1,200
ENGENEERING SCIENTIST,ENGENEERING SCIENTIST,1,1,250
ENGINEER - RETIRED,RETIRED,1,1,250
ENGINEER-ATTORNEY,ENGINEER-ATTORNEY,1,1,250
ENGINEERING DIRECTOR,ENGINEERING DIRECTOR,1,1,500
ENGINEERING SUPERVISOR,ENGINEERING SUPERVISOR,1,1,159.72
ENTREPRENEUR AND EDUCATOR,ENTREPRENEUR,1,1,1000
ENTREPRENEURSHIP,ENTREPRENEUR,1,1,555
ENTREPRENUER,ENTREPRENEUR,1,1,500
ENVIRONMENTAL,ENVIRONMENTAL,1,1,778.24
ENVIRONMENTAL CEO,ENVIRONMENTAL,1,1,100
ENVIRONMENTAL CONSULTANT,ENVIRONMENTAL,1,1,250
ENVIRONMENTAL PLANNER,ENVIRONMENTAL,1,1,200
ENVIRONMENTAL PROTECTION SPECIALIST,ENVIRONMENTAL,1,1,250
ENVIRONMENTAL PROTECTION SPECIALIST (R,ENVIRONMENTAL,1,1,150
ENVIRONMENTAL RESTORATION,ENVIRONMENTAL,1,1,25
ENVIRONMENTAL TOXICOLOGIST,ENVIRONMENTAL,1,1,200
ENVIRONMENTALIST,ENVIRONMENTAL,1,1,500
EPIDEMOLOGIST,EPIDEMIOLOGIST,1,1,310
EQUITY ANALYST,EQUITY ANALYST,1,1,1500
ESQUIRE,ESQUIRE,1,1,3300
ESTIMATOR,ESTIMATOR,1,1,60
EVENT PRODUCTION,EVENT PRODUCTION,1,1,260.25
EVP AND CFO,EVP AND CFO,1,1,2500
EX. ASSISTANT,EX. ASSISTANT,1,1,200
EXCAVATION CONTRACTOR,EXCAVATION CONTRACTOR,1,1,3300
EXEC DIR,EXEC DIR,1,1,260.25
EXEC DIRECTOR POPULATION HEALTH,EXEC DIRECTOR POPULATION HEALTH,1,1,250
EXEC.DIRECTOR,EXEC.DIRECTOR,1,1,1000
EXECUTIVE ASSIASTANT,EXECUTIVE,1,1,250
EXECUTIVE CHAIRMAN,EXECUTIVE,1,1,6600
EXECUTIVE CREATIVE DIRECTOR,EXECUTIVE,1,1,250
EXECUTIVE DIRECTOR OF CONTRACTING,EXECUTIVE,1,1,250
EXECUTIVE DIRECTORGOVERNMENT AFFAI,EXECUTIVE,1,1,250
EXECUTIVE OFFICER,EXECUTIVE,1,1,60
EXECUTIVE PHYSICIAN,EXECUTIVE,1,1,500
EXECUTIVE PROGRAM DIRECTOR,EXECUTIVE,1,1,250
EXECUTIVE PROTECTION,EXECUTIVE,1,1,175
EXECUTIVE SEARCH AND ACQUISITION,EXECUTIVE,1,1,250
EXECUTIVE VICE PRESIDENT & COO,EXECUTIVE,1,1,250
EXECUTIVE VP,EXECUTIVE,1,1,1000
EXECUTIVE VP & COO,EXECUTIVE,1,1,1000
EXECUTIVEDIR,EXECUTIVE,1,1,154.5
EXHIBITS SPECIALIST,EXHIBITS SPECIALIST,1,1,250
EXTERNAL AFFAIRS MANAGER,EXTERNAL AFFAIRS MANAGER,1,1,20
FACILITIES INFORMATION INFRASTRUCTURE,FACILITIES INFORMATION INFRASTRUCTURE,1,1,125
FACILITIES SERVICES ASSISTANT,FACILITIES SERVICES ASSISTANT,1,1,37.5
FACULTY,FACULTY,1,1,250
FAMILY DOCTOR,FAMILY DOCTOR,1,1,111
FAMILY OFFICE MANAGER,FAMILY OFFICE MANAGER,1,1,1000
FAMILY PHYSICIAN,FAMILY PHYSICIAN,1,1,33
FARMER/LAWNCARE,FARMER/LAWNCARE,1,1,500
FARMER/SEMI RETIRED PHYSICIAN,FARMER/SEMI RETIRED PHYSICIAN,1,1,200
FARMING,FARMING,1,1,1000
FED GOV CONSULTANT,FED GOV CONSULTANT,1,1,156.14999999999998
FEDERAL AFFAIRS,FEDERAL AFFAIRS,1,1,186.64
FEDERAL AFFAIRS MANAGER,FEDERAL AFFAIRS MANAGER,1,1,500
FEDERAL CIVILIAN,FEDERAL CIVILIAN,1,1,260.25
FEDERAL CONSULTANT,FEDERAL CONSULTANT,1,1,1041.02
FEDERAL GOVT AFFAIRS,FEDERAL GOVERNMENT AFFAIRS,1,1,500
FEDERAL MANAGER,FEDERAL MANAGER,1,1,450
FEDERAL POLICY ADVISOR,FEDERAL POLICY ADVISOR,1,1,250
FEDERAL SERVICE,FEDERAL SERVICE,1,1,104.1
FIELD REPRESENTATIVE,FIELD REPRESENTATIVE,1,1,45
FIELD REPRESENTATIVE - FEDERAL PROGRAM,FIELD REPRESENTATIVE,1,1,400
FIELD TECHNICIAN,FIELD TECHNICIAN,1,1,437
FILM PRODUCER,FILM PRODUCER,1,1,250
FIN SERVICES REP,FIN SERVICES REP,1,1,100
FINACIAL CONSULTANT,FINACIAL CONSULTANT,1,1,500
FINANCE MANAGER,FINANCE MANAGER,1,1,750
FINANCE OFFICER,FINANCE OFFICER,1,1,750
FINANCIAL,FINANCIAL,1,1,1250
FINANCIAL CONSULTANT,FINANCIAL SERVICES,1,1,7
FINANCIAL FREELANCE WRITER,FINANCIAL FREELANCE WRITER,1,1,25
FINANCIAL REPRESENTATIVE,FINANCIAL REPRESENTATIVE,1,1,2000
FINANCIAL SERVICES REP,FINANCIAL SERVICES,1,1,253
FINANCIAL SYSTEM SPECIALIST,FINANCIAL SERVICES,1,1,50
FINANCIAL WRITER,FINANCIAL WRITER,1,1,150
FIOS TECHNICIAN,FIOS TECHNICIAN,1,1,642.5
FISCAL MANAGEMENT CHIEF,FISCAL MANAGEMENT CHIEF,1,1,250
FISHERMAN,FISHERMAN,1,1,100
FNP,FNP,1,1,150
FOREIGN DISCLOSURE OFFICER,FOREIGN DISCLOSURE OFFICER,1,1,200
FOUNDATION,FOUNDATION,1,1,1250
FOUNDATION EXECUTIE,FOUNDATION EXECUTIE,1,1,350
FOUNDATION EXECUTIVE,FOUNDATION EXECUTIE,1,1,1050
FOUNDATION MANAGER,FOUNDATION MANAGER,1,1,3300
FOUNDER & CHIEF EXECUTIVE OFFICER,FOUNDER & CHIEF EXECUTIVE OFFICER,1,1,100
FOUNDER & CREATIVE DIRECTOR,FOUNDER & CREATIVE DIRECTOR,1,1,250
FOUNDER & PRINCIPAL,FOUNDER & PRINCIPAL,1,1,3000
FOUNDER AND PRESIDENT,FOUNDER AND PRESIDENT,1,1,300
FOUNDER CEO,CEO & FOUNDER,1,1,1000
FOUNDER PRESIDENT AND CEO,FOUNDER PRESIDENT AND CEO,1,1,2955.41
FOUNDER/CHAIRPERSON,FOUNDER/CHAIRPERSON,1,1,2500
FOUNDER/OWNER,FOUNDER/OWNER,1,1,5000
FOUNDING MEMBER,FOUNDING MEMBER,1,1,750
FOUNDING PRINCIPAL,FOUNDING PRINCIPAL,1,1,2000
FRANCHISE OWNER,FRANCHISE OWNER,1,1,250
FRONT END DEVELOPER,FRONT END DEVELOPER,1,1,45
FUEL CENTER MANAGER,FUEL CENTER MANAGER,1,1,250
FUEL FILTERING,FUEL FILTERING,1,1,1000
GARDEN COACH,GARDEN COACH,1,1,250
GARDENER,GARDENER,1,1,104
GENERAL CONSULTING,GENERAL CONSULTING,1,1,250
GENERAL FOREMAN,GENERAL FOREMAN,1,1,250
GENETICIST,GENETICIST,1,1,42.5
GEO TECH,GEO TECH,1,1,10
GEOGRAPHER,GEOGRAPHER,1,1,162.5
GEOPHYSICIST,GEOPHYSICIST,1,1,144
GEOPOLITICAL CONSULTANT,CONSULTANT,1,1,1000
GI PHYSICIAN,GI PHYSICIAN,1,1,250
GIFTS COORDINATOR,GIFTS COORDINATOR,1,1,69.5
GLASS,GLASS,1,1,260.25
GLOBAL ENTERPRISE ADVISOR,GLOBAL ENTERPRISE ADVISOR,1,1,5
GLOBAL LOGISTICS MGR,GLOBAL LOGISTICS MGR,1,1,14
GOV OFFICIAL,GOV OFFICIAL,1,1,130
GOV RELATIONS,GOV RELATIONS,1,1,500
GOV'T AFFAIRS,GOV'T AFFAIRS,1,1,750
GOVERNMENT CONTRACTOR,GOVERNMENT,1,1,75
GOVERNMENT EMPLOYEE,GOVERNMENT,1,1,50
GOVERNMENT RELATIONS DIRECTOR,DIRECTOR,1,1,350
GOVERNMENT RELATIONS LEADER,GOVERNMENT,1,1,250
GOVT,GOVT,1,1,200
GOVT RELATIONS,GOV RELATIONS,1,1,500
GR,GR,1,1,250
GRADUATE PROGRAM DIRECTOR,GRADUATE PROGRAM DIRECTOR,1,1,500
GRADUATE RESEARCH ASSISTANT,GRADUATE RESEARCH ASSISTANT,1,1,45
GRANTS & AWARDS MANAGER,GRANTS & AWARDS MANAGER,1,1,1000
GRANTS ADVISOR,GRANTS ADVISOR,1,1,3500
GRAPHIC DESIGNER,GRAPHIC DESIGN,1,1,385
GROCER,GROCER,1,1,2500
GROUND MAINTENANCE,GROUND MAINTENANCE,1,1,250
GROUP DIRECTOR,GROUP DIRECTOR,1,1,225
HAIRSTYIST,HAIRSTYIST,1,1,25
HARBOR PILOT,HARBOR PILOT,1,1,4445.12
HARDWARE INSTALLER,HARDWARE INSTALLER,1,1,728.45
HARP TEACHER,HARP TEACHER,1,1,305
HARPIST/TEACHER,HARPIST/TEACHER,1,1,600
HEAD OF AMERICAS POLICY,HEAD OF AMERICAS POLICY,1,1,500
HEAD OF DIGITAL ENGAGEMENT,HEAD OF DIGITAL ENGAGEMENT,1,1,437
HEAD OF GLOBAL GOVERNMENT RELATIONS,GOVERNMENT,1,1,1250
HEAD OF POLICY,HEAD OF POLICY,1,1,500
HEALTH ADMINISTRATOR,HEALTH ADMINISTRATOR,1,1,50
HEALTH ADVOCATE,HEALTH ADVOCATE,1,1,500
HEALTH CARE /REAL ESTATE,HEALTH CARE /REAL ESTATE,1,1,250
HEALTH CARE CONSULTANT,HEALTH CONSULTANT,1,1,1500
HEALTH CARE MANAGEMENT,HEALTH CARE MANAGEMENT,1,1,250
HEALTH COMMUNICATIONS CONSULTANT,HEALTH COMMUNICATIONS CONSULTANT,1,1,250
HEALTH INSPECTOR,HEALTH INSPECTOR,1,1,25
HEALTH INSURANCE AGENT,HEALTH INSURANCE AGENT,1,1,300
HEALTH INSURANCE BROKER,HEALTH INSURANCE AGENT,1,1,75
HEALTH OFFICER,HEALTH OFFICER,1,1,72
HEALTH POLICY ANALYSN,HEALTH POLICY,1,1,250
HEALTH POLICY ANALYST,HEALTH POLICY,1,1,5
HEALTH POLICY GOVERNMENT AFFAIRS,HEALTH POLICY,1,1,500
HEALTH SCIENTIST ADMINISTRATOR,HEALTH SCIENTIST ADMINISTRATOR,1,1,1000
HEALTH STATISTICIAN,HEALTH STATISTICIAN,1,1,48
HEALTH STUDIES RESEARCH,HEALTH STUDIES RESEARCH,1,1,1150
HEALTHCARE ADMINISTRATOR,HEALTHCARE ADMINISTRATOR,1,1,2000
HEALTHCARE ADMINSTRATOR,HEALTHCARE ADMINISTRATOR,1,1,20
HEALTHCARE EXEC,HEALTHCARE EXECUTIVE,1,1,1000
HEALTHCARE WORKER,HEALTHCARE WORKER,1,1,600
HEARING EXAMINER,HEARING EXAMINER,1,1,28
HEARING OFFICER,HEARING OFFICER,1,1,650
HIGHER ED ADMINISTRATION,HIGHER ED ADMINISTRATION,1,1,250
HIGHER EDUCATION,HIGHER EDUCATION,1,1,12.5
HOME CAREGIVER,HOME CAREGIVER,1,1,25
HOME INSPECTOR,HOME INSPECTOR,1,1,225
HORSEMAN,HORSEMAN,1,1,1000
HOSPITAL ADMINISTRATOR,ADMINISTRATOR,1,1,1000
HOSPITAL EXECUTIVE,HOSPITAL EXECUTIVE,1,1,1000
HOSPITALITY PRESIDENT,HOSPITALITY PRESIDENT,1,1,500
HOTELS,HOTELS,1,1,1000
HOUSE KEEPER,HOUSE KEEPER,1,1,250
HOUSING DIRECTOR,HOUSING DIRECTOR,1,1,200
HOUSING PROGRAM OFFICER,HOUSING PROGRAM OFFICER,1,1,250
HR CONSULTANT,CONSULTANT,1,1,184
HR CONTRACTOR,HR CONTRACTOR,1,1,25
HR LEADER,HR LEADER,1,1,325
HR SPCLST,HR SPCLST,1,1,108
HR SPEC,HR SPEC,1,1,25
HR VICE PRESIDENT,VICE PRESIDENT,1,1,25
HRT,HRT,1,1,2
HSA,HSA,1,1,17.5
HUMAN RESOURCES MAANAGER,HUMAN RESOURCES,1,1,500
HUMAN RESOURCES PROJECT MANAGER,HUMAN RESOURCES,1,1,500
HUMAN RESOURCES SPECIALIST,HUMAN RESOURCES,1,1,5
HUMAN REST,HUMAN REST,1,1,50
HUMAN SERVICE SPECIALIST,HUMAN SERVICE SPECIALIST,1,1,90
HVAC,HVAC,1,1,416.4
HYGIENIST,HYGIENIST,1,1,275
IGA,IGA,1,1,120
ILLUSRATOR,ILLUSRATOR,1,1,500
ILLUSTRATOR,ILLUSTRATOR,1,1,100
IMPLEMENTATION DIRECTOR,IMPLEMENTATION DIRECTOR,1,1,50
INDEPENDENT CONTRACTOR SALES,INDEPENDENT CONTRACTOR SALES,1,1,142.52
INDEPENDENT EDUCATION CONSULTANT,INDEPENDENT EDUCATION CONSULTANT,1,1,500
INDUSTRY REPRESENTATIVE,INDUSTRY REPRESENTATIVE,1,1,50
INFO TECHNOLOGY MANAGER,INFO TECHNOLOGY MANAGER,1,1,6600
INFORMATION MANAGER,INFORMATION MANAGER,1,1,300
INFORMATION OFFICER,INFORMATION OFFICER,1,1,802.5
INFORMATION SECURITY MANAGER,INFORMATION SECURITY MANAGER,1,1,225
INFORMATION SERVICES MANAGER,INFORMATION SECURITY MANAGER,1,1,250
INFORMATION SYSTEMS CONSULTANT,INFORMATION SECURITY MANAGER,1,1,300
INFORMATION TECHNOLOGY OFFICER,INFORMATION TECHNOLOGY,1,1,250
INNKEEPER,INNKEEPER,1,1,100
INSURANCE AGENT/ BROKER,INSURANCE SERVICES,1,1,250
INSURANCE SALES,INSURANCE SERVICES,1,1,6600
INSURANCE SERVICES,INSURANCE SERVICES,1,1,1000
INTELLIGENCE ANALYST,INTELLIGENCE ANALYST,1,1,328
INTELLIGENCE SPECIALISTS,INTELLIGENCE SPECIALISTS,1,1,200
INTERGOVERNMENTAL AFFAIRS,INTERGOVERNMENTAL AFFAIRS,1,1,250
INTERIOR DESIGH,INTERIOR DESIGH,1,1,500
INTERNATIONAL CIVIL SERVANT,INTERNATIONAL CIVIL SERVANT,1,1,250
INTERNATIONAL DEVELOPMENT CONSULTANT,INTERNATIONAL DEVELOPMENT CONSULTANT,1,1,100.85
INTERNATIONAL NGO WORKER,INTERNATIONAL NGO WORKER,1,1,250
INTERNATIONAL POLICY CONSULTANT,INTERNATIONAL POLICY CONSULTANT,1,1,500
INTERNET ENTREPRENEUR,INTERNET ENTREPRENEUR,1,1,2000
INTERPRETER,INTERPRETER,1,1,196
INTERVENTIONAL PAIN PHYSICIAN,INTERVENTIONAL PAIN PHYSICIAN,1,1,3300
INTL. DEVELOPMENT CONSULTANT,INTL. DEVELOPMENT CONSULTANT,1,1,412
INVESTING,INVESTING,1,1,500
INVESTMENT,INVESTMENT,1,1,3300
INVESTMENT ADVISOR REPRESENTATIVE,INVESTMENT,1,1,350
INVESTMENT ANALYSIS,INVESTMENT,1,1,1500
INVESTMENT BANKING,INVESTMENT,1,1,250
INVESTMENT COUNSEL,INVESTMENT,1,1,400
INVESTMENT PROFESSIONAL,INVESTMENT,1,1,6600
INVESTMENT PROPERTY SALES,INVESTMENT,1,1,1000
INVESTOR AND LAWYER,INVESTOR,1,1,250
INVIGILATOR,INVIGILATOR,1,1,243
ISD,ISD,1,1,106
IT BUSINESS OWNER,IT BUSINESS OWNER,1,1,250
IT CONSULTING,IT CONSULTING,1,1,1541.02
IT COORDINATOR,COORDINATOR,1,1,260
IT DATA PROFESSIONAL,IT DATA PROFESSIONAL,1,1,312.29999999999995
IT OWNER,IT OWNER,1,1,260.25
IT PROGRAMMER,IT PROGRAMMER,1,1,316.67
IT SECURITY ANALYST,IT SECURITY ANALYST,1,1,100
IT SECURITY MANAGER,IT SECURITY MANAGER,1,1,260.25
JEWELER,JEWELER,1,1,6600
JEWELRY ARTIST,JEWELRY ARTIST,1,1,15
JEWELRY SALES,JEWELRY SALES,1,1,100
KITCHEN PREP,KITCHEN PREP,1,1,66
KLEYNIMALS,KLEYNIMALS,1,1,100
LABOR ATTORNEY,LABOR ATTORNEY,1,1,250
LAE PROFESSOR,PROFESSOR,1,1,775
LAND DEVELOPER,LAND DEVELOPER,1,1,250
LAND DEVELOPMENT,LAND DEVELOPMENT,1,1,28
LANDSCAPE CONTR,LANDSCAPE/CONSTRUCTION,1,1,250
LANDSCAPE CONTRACTOR,LANDSCAPE/CONSTRUCTION,1,1,512.5
LANDSCAPE/CONSTRUCTION,LANDSCAPE/CONSTRUCTION,1,1,2500
LAURENT BESANCON,LAURENT BESANCON,1,1,500
LAW ENFORCEMENT,LAW ENFORCEMENT,1,1,250
LAW LIBRARIAN,LAW LIBRARIAN,1,1,43
LAW PROFESSOR(RETURED,LAW PROFESSOR(RETURED,1,1,250
LAWYER-LOBBYIST,LAWYER-LOBBYIST,1,1,500
LAWYER/CONSULTANT,LAWYER/CONSULTANT,1,1,1000
LAWYER/PROFESSOR,LAWYER/PROFESSOR,1,1,1000
LEAD ADMINISTRATOR,ADMINISTRATOR,1,1,164
LEAD RESEARCH ENGINEER,LEAD RESEARCH ENGINEER,1,1,250
LEADERSHIP COACH,LEADERSHIP COACH,1,1,500
LEADERSHIP DEVELOPMENT MANAGER,LEADERSHIP DEVELOPMENT MANAGER,1,1,250
LEASE ADMIN,LEASE ADMIN,1,1,3
LEG ASST - COUNSEL,LEG ASST - COUNSEL,1,1,250
LEGAL ADMINISTRATIVE ASSISTANT,LEGAL ADMINISTRATIVE ASSISTANT,1,1,1000
LEGAL AIDE,LEGAL AIDE,1,1,125
LEGAL ASSISTANT,LEGAL ASSISTANT,1,1,550
LEGAL EXECUTIVE ASSISTANT,LEGAL EXECUTIVE ASSISTANT,1,1,250
LEGAL FELLOW,LEGAL FELLOW,1,1,175
LEGAL PROFESSIONAL/ATTORNEY,LEGAL PROFESSIONAL/ATTORNEY,1,1,250
LEGAL RECRUITER,LEGAL RECRUITER,1,1,500
LEGAL SECRETARY,LEGAL SECRETARY,1,1,750
LEGAL SERVICE,LEGAL SERVICES,1,1,500
LEGAL SERVICES,LEGAL SERVICES,1,1,100
LEGISLATIVE AFFAIRS,LEGISLATIVE AFFAIRS,1,1,500
LEGISLATIVE AIDE,LEGISLATIVE AIDE,1,1,250
LEGISLATIVE ANALYST,LEGISLATIVE ANALYST,1,1,150
LIBRARIAN (PART TIME),LIBRARIAN (PART TIME),1,1,200
LIBRARY COORDINATOR,LIBRARY COORDINATOR,1,1,54
LIBRARY MANAGER,LIBRARY MANAGER,1,1,225
LICENSED CLINICAL PROFESSIONAL COUNSEL,LICENSED CLINICAL PROFESSIONAL COUNSEL,1,1,1000
LIFEGUARD,LIFEGUARD,1,1,54
LINGUISTIC SERVICES,LINGUISTIC SERVICES,1,1,200
LIQUOR INDUSTRY,LIQUOR INDUSTRY,1,1,160
LOAN PROCESSOR,LOAN PROCESSOR,1,1,60
LOBBYIST/CONSULTANT,LOBBYIST/CONSULTANT,1,1,250
LOCAL STAFF,LOCAL STAFF,1,1,70
LOGISTIC MANAGEMENT SPECIALIST,LOGISTIC MANAGEMENT SPECIALIST,1,1,50
LOGISTICS SPECIALIST,LOGISTICS SPECIALIST,1,1,205
M.D. GOVERNOR 'S COMMISSIONER,M.D. GOVERNOR 'S COMMISSIONER,1,1,0
MAC TOOL DISTRIBUTOR,MAC TOOL DISTRIBUTOR,1,1,150
MACHINIST,MACHINIST,1,1,102.05
MAIL CARRIER,MAIL CARRIER,1,1,358
MAINTENANCE,MAINTENANCE,1,1,250
MAINTENANCE TECHNICIAN,MAINTENANCE,1,1,25
MAINTENANCE WORKER,MAINTENANCE,1,1,185
MAJOR GIFTS DIRECTOR,MAJOR GIFTS DIRECTOR,1,1,25
MAJOR GIFTS OFFICER,MAJOR GIFTS OFFICER,1,1,25
MANAGE,MANAGER,1,1,1250
MANAGEMENT ANALYST,MANAGEMENT ANALYST,1,1,250
MANAGEMENT CONSULTANT,MANAGEMENT CONSULTANT,1,1,1000
MANAGER CONSULATANT,MANAGER CONSULATANT,1,1,500
MANAGER CONSULTANT,MANAGER CONSULATANT,1,1,112
MANAGER CONSULTING,MANAGER CONSULATANT,1,1,228
MANAGER CONTRACTS,CONTRACTS MANAGER,1,1,25
MANAGER OF CORPORATE RELATIONS,MANAGER OF CORPORATE RELATIONS,1,1,250
MANAGER STOCK PROGRAMS,MANAGER STOCK PROGRAMS,1,1,225
MANAGERANALYST,MANAGERANALYST,1,1,122
MANAGING ATTORNEY,MANAGING ATTORNEY,1,1,250
MANAGING DIRECTOR FOR DEVELOPMENT,MANAGING DIRECTOR FOR DEVELOPMENT,1,1,233.27
MANAGING EDITOR,MANAGING EDITOR,1,1,250
MANAGING PRINCIPAL,MANAGING PRINCIPAL,1,1,3300
MANAGMENT,MANAGEMENT,1,1,481
MANUFACTURERS' REP,MANUFACTURERS' REP,1,1,200
MANUFACTURING,MANUFACTURING,1,1,3300
MANUFACTURING ENGINEER,MANUFACTURING,1,1,1.7
MARINE CONSTRUCTION/DREDGING,MARINE CONSTRUCTION/DREDGING,1,1,2000
MARINE REPAIRS,MARINE REPAIRS,1,1,250
MARKET RESEARCH,MARKET RESEARCH,1,1,1000
MARKETING / COO,MARKETING,1,1,6600
MARKETING CONSULTANT,MARKETING,1,1,100
MARKETING CONSULTANT /AUTHOR,MARKETING,1,1,200
MARKETING MGR,MARKETING,1,1,89
MARKETING/FILMMAKER,MARKETING,1,1,800
MASSAGE THERAPIST,MASSAGE THERAPIST,1,1,90
MASTER & CO-OWNER - QUEST MARTIAL ARTS,MASTER & CO-OWNER - QUEST MARTIAL ARTS,1,1,200
MATH COACH,MATH COACH,1,1,1.25
MATHEMATICIAN,MATHEMATICIAN,1,1,250
MD. HOUSE OF DELEGATES,MD. HOUSE OF DELEGATES,1,1,250
MECHANICAL CONT,MECHANICAL CONT,1,1,500
MEDIA PRODUCER,MEDIA PRODUCER,1,1,250
MEDIA RELATIONS,MEDIA RELATIONS,1,1,500
MEDIATOR & ARBITRATOR,MEDIATOR & ARBITRATOR,1,1,250
MEDICAID BUREAUCRAT,MEDICAID BUREAUCRAT,1,1,313.95
MEDICAL ASSISTANT,MEDICAL ASSISTANT,1,1,54
MEDICAL ASSOCIATION MGR,MEDICAL ASSOCIATION MGR,1,1,1750
MEDICAL COMMUNICATIONS,MEDICAL COMMUNICATIONS,1,1,100
MEDICAL DOCTOR,MEDICAL DOCTOR,1,1,305
MEDICAL OFFICER,MEDICAL OFFICER,1,1,25
MEDICAL PROFESSIONAL,MEDICAL PROFESSIONAL,1,1,122.5
MEDICAL SCIENTIST,MEDICAL SCIENTIST,1,1,300
MEDICAL TECHNICIAN,MEDICAL TECHNICIAN,1,1,75
MEETING PLANNER,MEETING PLANNER,1,1,750
MEMBER,MEMBER,1,1,3300
MENTAL HEALTH COUNSELOR,MENTAL HEALTH SERVICE,1,1,2.7
MENTAL HEALTH SERVICE,MENTAL HEALTH SERVICE,1,1,500
MERCHANT,MERCHANT,1,1,895
MERCHANT BANKER,MERCHANT BANKER,1,1,500
MERCHANT MARINER,MERCHANT MARINER,1,1,208.2
MGR,MGR,1,1,260.25
MGR.,MGR,1,1,1000
MICROBIOLOGIST,MICROBIOLOGIST,1,1,100
MILITARY,MILITARY,1,1,500
MINING,MINING,1,1,400
MLS,MLS,1,1,250
MOBOMO,MOBOMO,1,1,250
MONEY MANAGER,MONEY MANAGER,1,1,250
MORTGAGE,MORTGAGE,1,1,500
MORTGAGE BANKERS,MORTGAGE BANKER,1,1,6750
MORTGAGE BROKER,MORTGAGE BROKER,1,1,250
MOVEMENT THERAPIST,MOVEMENT THERAPIST,1,1,304
MULTIMEDIA DESIGNER,MULTIMEDIA DESIGNER,1,1,28
MUNICIPAL FINANCE,MUNICIPAL FINANCE,1,1,250
MUSEUM DOCENT,MUSEUM DOCENT,1,1,150
MUSIC COMPOSER,MUSIC COMPOSER,1,1,6600
NATHAN CUMMINGS FOUNDATION,NATHAN CUMMINGS FOUNDATION,1,1,50
NATIONAL KEY ACCOUNT MANAGER,NATIONAL KEY ACCOUNT MANAGER,1,1,1000
NAVAL OFFICER,NAVAL OFFICER,1,1,56
NAVY,NAVY,1,1,36
NETWORK ARCHITECT,NETWORK ARCHITECT,1,1,700
NETWORK ARCHITECT / CONSULTANT,NETWORK ARCHITECT,1,1,1400
NEUROSCIENTIST,NEUROSCIENTIST,1,1,333.33
NGO,NGO,1,1,5
NGO WORKER,NGO WORKER,1,1,250
NO,NO,1,1,1150
NO REPLY ON CARD,NO REPLY ON CARD,1,1,250
NOC ENGINEER,NOC ENGINEER,1,1,90
NON ATTORNEY REP,NON ATTORNEY REP,1,1,200
NON PROFIT CEO,NON PROFIT CEO,1,1,100
NON PROFIT CONSULTANT,NON PROFIT CONSULTANT,1,1,500
NON PROFIT DIRECTOR,NON-PROFIT EXECUTIVE,1,1,130
NON PROFIT EX DIR,NON-PROFIT EXECUTIVE,1,1,316.79
NON PROFIT EX DIRECTOR,NON-PROFIT EXECUTIVE,1,1,80
NON PROFIT LEADER,NON-PROFIT EXECUTIVE,1,1,250
NON-PROFIT,NON-PROFIT EXECUTIVE,1,1,250
NON-PROFIT BOARD MEMBER,NON-PROFIT EXECUTIVE,1,1,250
NON-PROFIT CEO,NON PROFIT CEO,1,1,250
NON-PROFIT LEADERSHIP CONSULTANT,NON-PROFIT EXECUTIVE,1,1,250
NON-PROFIT MANAGEMENT,NON-PROFIT EXECUTIVE,1,1,104.1
NON-PROFIT VICE PRESIDENT,NON-PROFIT EXECUTIVE,1,1,250
NON-PROIFIT CONSULTANT,NON PROFIT CONSULTANT,1,1,250
NONPROFIT,NON-PROFIT EXECUTIVE,1,1,250
NONPROFIT EXEC,NON-PROFIT EXECUTIVE,1,1,100
NONPROFIT FUNDRAISER,NON-PROFIT EXECUTIVE,1,1,250
NONRESIDENT SENIOR FELLOW,NONRESIDENT SENIOR FELLOW,1,1,100
NOT-EMPLOYED,NOT EMPLOYED,1,1,100
NOTARY,NOTARY,1,1,400
NURSE ANESTHETIST,NURSE ANESTHETIST,1,1,45
NURSE PSYCHOTHERAPIST,NURSE PSYCHOTHERAPIST,1,1,290
NURSE-MIDWIFE,NURSE-MIDWIFE,1,1,125
NURSERYMAN MANAGER,NURSERYMAN MANAGER,1,1,520.51
NURSES,NURSES,1,1,202.05
NURSING CONSULTANT,NURSING CONSULTANT,1,1,3300
NUTRITION PRACTITIONER,NUTRITION PRACTITIONER,1,1,250
OCCUPATIONAL,OCCUPATIONAL,1,1,900
OCCUPATIONAL THERAPIST,OCCUPATIONAL THERAPIST,1,1,525
OCEAN CITY MOTEL OWNER,OCEAN CITY MOTEL OWNER,1,1,250
OFFICE OF HOMELANMD SECURITY,OFFICE OF HOMELANMD SECURITY,1,1,250
OFFICER,OFFICER,1,1,500
OFFICIAL,OFFICIAL,1,1,3400
OFS MANAGER,OFS MANAGER,1,1,1149.72
OIL BUSINESS INSURANCE,OIL BUSINESS INSURANCE,1,1,50
OMBUDSMAN,OMBUDSMAN,1,1,50
ONCOLOGIST,ONCOLOGIST,1,1,3300
ONCOLOGY NURSE,ONCOLOGY NURSE,1,1,40
ONWER,OWNER,1,1,400
OPERATIONS DIRECTOR,OPERATIONS DIRECTOR,1,1,500
OPERATIONS MANAGER,OPERATIONS DIRECTOR,1,1,110
OPERATIONS MANAGER / DATA ASSISTANT,OPERATIONS DIRECTOR,1,1,55
OPERATIONS OFFICER,OPERATIONS DIRECTOR,1,1,470
OPERATIONS SUPERVISOR,OPERATIONS DIRECTOR,1,1,300
OPERATOR,OPERATOR,1,1,100
ORAL SURGEON,ORAL SURGEON,1,1,250
ORGANIC FARMER,ORGANIC FARMER,1,1,3300
ORGANIZATIONAL EFFECTIVENESS COACH,ORGANIZATIONAL EFFECTIVENESS COACH,1,1,475
ORGANIZER,ORGANIZER,1,1,1100
ORIGINATION,ORIGINATION,1,1,1000
ORTHODONTIST,ORTHODONTIST,1,1,1000
ORTHOPEDIC SURGEON,ORTHOPEDIC SURGEON,1,1,500
OWN RESTAURANTS,OWN RESTAURANTS,1,1,100
OWNER AND PRESIDENT OF BERT JABIN'S YA,OWNER AND PRESIDENT OF BERT JABIN'S YA,1,1,3300
OWNER MANAGER,OWNER MANAGER,1,1,150
OWNER OPTOMETRIST,OWNER OPTOMETRIST,1,1,1000
OWNER/CEO,OWNER/CEO,1,1,1958.2
OWNER/DENTIST,OWNER/DENTIST,1,1,75
OWNER/OPERATOR,OWNER/OPERATOR,1,1,250
P/T CONSULTANT,CONSULTANT,1,1,611.01
PAPER BROKER,PAPER BROKER,1,1,3300
PARAPROFESSIONAL,PARAPROFESSIONAL,1,1,5
PART TIME SAILING INSTRUCTOR,PART TIME SAILING INSTRUCTOR,1,1,325
PARTNER - FEDERAL GR,PARTNER - FEDERAL GR,1,1,3300
PARTNER/SENIOR INVESTMENT ADVISOR,PARTNER/SENIOR INVESTMENT ADVISOR,1,1,3300
PARTNERSHIPS,PARTNERSHIPS,1,1,100
PASTORY,PASTORY,1,1,2700
PATENT ATTORNEY,PATENT ATTORNEY,1,1,25
PATENT LAW,PATENT LAW,1,1,250
PAYMENTS CONSULTANT,PAYMENTS CONSULTANT,1,1,500
PE,PE,1,1,250
PEDIATRIC DENTIST,PEDIATRIC DENTIST,1,1,1500
PEDIATRICIAN,PEDIATRICIAN,1,1,400
PENSION CONSULTANT,PENSION CONSULTANT,1,1,25
PERFORMANCE ANALYST,PERFORMANCE ANALYST,1,1,300
PET GROOMER,PET GROOMER,1,1,16
PETROLEUM DIST,PETROLEUM DIST,1,1,500
PHOTOJOURNALIST,PHOTOJOURNALIST,1,1,27
PHYSICAIN,PHYSICAIN,1,1,208.2
PHYSICAL SCIENTIST,PHYSICAL SCIENTIST,1,1,500
PHYSICIAN ADVISOR,PHYSICIAN ADVISOR,1,1,750
PHYSICIAN ASSOCIATE,PHYSICIAN ASSOCIATE,1,1,200
PHYSICIAN CONSULTANT,PHYSICIAN CONSULTANT,1,1,500
PHYSICIAN FARMER,PHYSICIAN FARMER,1,1,300
PIANO TECHNICIAN,PIANO TECHNICIAN,1,1,40
PILOT,PILOT,1,1,75
PLANETARY SCIENTIST,PLANETARY SCIENTIST,1,1,300
PLAXEN & ADLER P.A.,PLAXEN & ADLER P.A.,1,1,1000
PLUMBER,PLUMBER,1,1,400
PM,PM,1,1,208.2
PODIATRIST,PODIATRIST,1,1,95
PODIATRY,PODIATRY,1,1,500
POLICE,POLICE,1,1,95
POLICE DETECTIVE,POLICE DETECTIVE,1,1,35
POLICE OFFICER & DETECTIVE,POLICE OFFICER,1,1,250
POLICE SERGEANT,POLICE,1,1,350
POLICE SERGENT,POLICE,1,1,250
POLICY AND BUSINESS DEVELOPMENT,POLICY AND BUSINESS DEVELOPMENT,1,1,1000
POLICY DIRECTOR FUNDERS FORUM,POLICY DIRECTOR,1,1,500
POLICY MANAGER,POLICY MANAGER,1,1,337.96
POLICY STAFFER,POLICY STAFFER,1,1,250
POLITICAL ADVERTISING,POLITICAL ADVERTISING,1,1,500
POLITICAL COMPLIANCE MANAGER,POLITICAL COMPLIANCE MANAGER,1,1,500
POLITICAL CONSULTING,CONSULTANT,1,1,380.78
POLITICAL STRATEGIST,POLITICAL STRATEGIST,1,1,500
PORTFOLIO MANAGER,PORTFOLIO MANAGER,1,1,1000
PR CONSULTANT,CONSULTANT,1,1,300
PRACTICE LEAD,PRACTICE LEAD,1,1,1000
PRE SCHOOL FUND MANAGER,PRE SCHOOL FUND MANAGER,1,1,3300
PRESCHOOL CHILDCARE,PRESCHOOL CHILDCARE,1,1,1000
PRESIDEN,PRESIDENT,1,1,1000
PRESIDENT & C.E.O.,CEO & PRESIDENT,1,1,5000
PRESIDENT & OWNER,PRESIDENT,1,1,500
PRESIDENT / CEO,CEO & PRESIDENT,1,1,4300
PRESIDENT / MANAGING MEMBER,PRESIDENT,1,1,250
PRESIDENT / OWNER,PRESIDENT,1,1,2000
PRESIDENT AND GENERAL COUNSEL,PRESIDENT,1,1,3123.05
PRESIDENT CEO,CEO & PRESIDENT,1,1,300
PRESIDENT EMERITUS,PRESIDENT,1,1,1000
PRESIDENT OF EXTERNAL AFFAIRS,PRESIDENT,1,1,1500
PRESIDENT OF NGO,PRESIDENT,1,1,15
PRESIDENT/ATTORNEY,PRESIDENT,1,1,1000
PRESIDENT/EXPERT,PRESIDENT,1,1,500
PRESIDENT/GM OF HEALTH SERVICES,PRESIDENT,1,1,6600
PRESIDENT/REAL ESTATE,PRESIDENT,1,1,2000
PRESIDING ELDER,PRESIDING ELDER,1,1,1000
PRINCIPAL & CEO,PRINCIPAL & CEO,1,1,1000
PRINCIPAL & CO-FOUNDER,PRINCIPAL & CO-FOUNDER,1,1,1000
PRINCIPAL & DIRECTOR,PRINCIPAL & DIRECTOR,1,1,1000
PRINCIPAL CEO,PRINCIPAL & CEO,1,1,3500
PRINCIPAL DATA SCIENTIST,PRINCIPAL DATA SCIENTIST,1,1,305
PRINCIPAL DIRECTOR,PRINCIPAL & DIRECTOR,1,1,500
PRINCIPAL PHYSICIST,PRINCIPAL PHYSICIST,1,1,1000
PRINCIPAL QA ENGINEER,PRINCIPAL QA ENGINEER,1,1,50
PRIVATE TUTOR,PRIVATE TUTOR,1,1,250
PRIVATE TUTOR DYSLEXIA,PRIVATE TUTOR,1,1,500
PRODMGR,PRODMGR,1,1,350
PRODUCER & DIRECTOR,PRODUCER & DIRECTOR,1,1,1000
PRODUCT,PRODUCT,1,1,1000
PRODUCT DEVELOPMENT,PRODUCT DEVELOPMENT,1,1,887.04
PRODUCT SPECIALIST,PRODUCT SPECIALIST,1,1,416.97
PRODUCTION MANAGER,PRODUCTION MANAGER,1,1,25
PROFESSIONAL ASSOCIATE,PROFESSIONAL ASSOCIATE,1,1,1000
PROFESSIONAL SPEAKER,PROFESSIONAL SPEAKER,1,1,250
PROFESSIONAL STAFF,PROFESSIONAL STAFF,1,1,500
PROFESSOR EMERITA,PROFESSOR,1,1,450
PROFESSOR EMERITUS,PROFESSOR,1,1,132
PROFESSOR OF GENETICS,PROFESSOR,1,1,250
PROFESSOR OF HISTORY,PROFESSOR,1,1,300
PROFESSOR OF LAW,PROFESSOR,1,1,1000
PROFESSOR OF PHILOSOPHY,PROFESSOR,1,1,500
PROFESSOR OF POLITICAL SCIENCE,PROFESSOR,1,1,1250
PROFESSOR OF PSYCHIATRY,PROFESSOR,1,1,50
PROFESSOR OF SOCIOLOGY,PROFESSOR,1,1,500
PROFESSOR OF THE PRACTICE OF CSEE,PROFESSOR,1,1,250
PROGRAM CHIEF,PROGRAM CHIEF,1,1,75
PROGRAM COORDINATOR,PROGRAM COORDINATOR,1,1,35.88
PROGRAM COUNSEL,PROGRAM COUNSEL,1,1,75
PROGRAM LEADER,PROGRAM LEADER,1,1,100
PROGRAM MANAGEMENT,PROGRAM MANAGEMENT,1,1,250
PROGRAM MGT ANALYST,PROGRAM ANALYST,1,1,5
PROGRAMMING SPECIALIST,PROGRAMMING SPECIALIST,1,1,200
PROJECT ACCOUNTANT,PROJECT ACCOUNTANT,1,1,55.2
PROJECT ANALYST,PROJECT ANALYST,1,1,250
PROJECT MANAGEMENT CONSULTANT,PROJECT MANAGEMENT CONSULTANT,1,1,100
PROJECT MANAGER & ARTIST,PROJECT MANAGEMENT CONSULTANT,1,1,819.81
PROJECT OFFICER,PROJECT OFFICER,1,1,250
PROJECT SCHEDULER,PROJECT SCHEDULER,1,1,15
PROPOSAL MANAGER,PROPOSAL MANAGER,1,1,130
PROPRETY MANGMENT,PROPERTY MANAGEMENT,1,1,7.05
PROPRIETOR,PROPRIETOR,1,1,3300
PROSECUTOR,PROSECUTOR,1,1,250
PROVIDER ACCOUNT MANAGER DIRECTOR,PROVIDER ACCOUNT MANAGER DIRECTOR,1,1,28
PSYCHIATRIST CHILD & ADOLESCENT,CHILD & ADOLESCENT PSYCHIATRIST,1,1,310.97
PSYCHTHETAPIST,PSYCHTHETAPIST,1,1,10
PUBLIC AFFAIRS & SUSTAINABILITY,PUBLIC AFFAIRS,1,1,500
PUBLIC AFFAIRS CONSULTANT,PUBLIC AFFAIRS,1,1,600
PUBLIC AFFAIRS DIRECTOR,DIRECTOR,1,1,500
PUBLIC AFFAIRS PRINCIPAL,PUBLIC AFFAIRS,1,1,500
PUBLIC HEALTH POLICY AND PLANNING,PUBLIC HEALTH POLICY AND PLANNING,1,1,1000
PUBLIC HEALTH SCIENTIST,PUBLIC HEALTH SCIENTIST,1,1,100
PUBLIC POLICY ADVOCATE,PUBLIC POLICY,1,1,250
PUBLIC RELATIONS /MARKETING,PUBLIC RELATIONS,1,1,2000
PUBLIC RELATIONS AND POLICY MANAGER,PUBLIC RELATIONS,1,1,50
PUBLIC SERVANT,PUBLIC SERVANT,1,1,50
PUBLIC SERVICE,PUBLIC SERVICE,1,1,121
PUBLICATIONS DIRECTOR,PUBLICATIONS DIRECTOR,1,1,831.65
PUBLICIST,PUBLICIST,1,1,500
QA CHIEF,QA CHIEF,1,1,325
QUALITY ASSUANCE SPECIALIST,QUALITY ASSUANCE SPECIALIST,1,1,600
QUASI-RETIRED,QUASI-RETIRED,1,1,450
R&D DIRECTOR,DIRECTOR,1,1,90
R.E. APPRAISER,R.E. APPRAISER,1,1,125
RABBI,RABBI,1,1,288
RADIO TECHNICIAN,RADIO TECHNICIAN,1,1,35
RADIOGRAPHER,RADIOGRAPHER,1,1,35
RADIOLOGIC TECHNOLOGIST,RADIOLOGIC TECHNOLOGIST,1,1,110
RADIOLOGIST,RADIOLOGIST,1,1,542.5
RARE BOOK SELLER,RARE BOOK SELLER,1,1,200
RD,RD,1,1,20
RDH,RDH,1,1,208.2
RE DEVELOPER,DEVELOPER,1,1,500
READER,READER,1,1,211.7
REAL,REAL,1,1,250
REAL EATARE,REAL EATARE,1,1,1000
REAL ESATE AGENT,REAL ESTATE AGENT,1,1,3300
REAL ESTATE - PARKING MGMT,REAL ESTATE - PARKING MGMT,1,1,2000
REAL ESTATE ASSOCIATE,REAL ESTATE ASSOCIATE,1,1,500
REAL ESTATE ASSOCIATE BROKER,REAL ESTATE ASSOCIATE,1,1,150
REAL ESTATE DEVELOMENT,REAL ESTATE DEVELOMENT,1,1,176.98
REAL ESTATE DEVELOPER & BROKER,REAL ESTATE DEVELOMENT,1,1,250
REAL ESTATE DEVELOPER/INVESTOR,REAL ESTATE DEVELOMENT,1,1,1000
REAL ESTATE DEVELOPMENT/ BROKER,REAL ESTATE DEVELOMENT,1,1,1050
REAL ESTATE INVESTMENT,REAL ESTATE INVESTMENT,1,1,208.2
REAL ESTATE INVESTMENT AND DEVELOPMENT,REAL ESTATE INVESTMENT,1,1,250
REAL ESTATE TITLE ABSTRACTOR,REAL ESTATE TITLE ABSTRACTOR,1,1,1000
REALTOR/DEVELOPER,REALTOR/DEVELOPER,1,1,2000
REALTOR/PROPERTY MANAGER,REALTOR/PROPERTY MANAGER,1,1,500
REALTOR/RETIRED CTE EDUCATOR,REALTOR/RETIRED CTE EDUCATOR,1,1,75
RECORDS MANAGER MINORITY BUSINESS ENTE,RECORDS MANAGER MINORITY BUSINESS ENTE,1,1,250
REFLEXOLOGY,REFLEXOLOGY,1,1,312
REFUGEE RIGHTS PROGRAM DIRECTOR,REFUGEE RIGHTS PROGRAM DIRECTOR,1,1,150
REGION PRESIDENT,REGION PRESIDENT,1,1,3300
REGIONAL DIRECTOR,REGIONAL DIRECTOR,1,1,58.27
REGIONAL MANGER,REGIONAL MANGER,1,1,250
REGIONAL TECHNOLOGY OFFICER,REGIONAL TECHNOLOGY OFFICER,1,1,500
REGIONAL VICE PRESIDENT OF SALES,REGIONAL VICE PRESIDENT OF SALES,1,1,100
REGISTERED DIETITIAN NUTRITIONISTWIC,REGISTERED DIETITIAN NUTRITIONISTWIC,1,1,420
REGULATORY CONSULTANT,REGULATORY CONSULTANT,1,1,50
REGULATORY COUNSEL,REGULATORY COUNSEL,1,1,500
REMODELING,REMODELING,1,1,120
RENEWABLE ENERGY,RENEWABLE ENERGY,1,1,3000
RENEWABLE ENERGY AND BATTERY STORAGE,RENEWABLE ENERGY AND BATTERY STORAGE,1,1,500
RENEWABLE ENERGY CONSTRUCTION MANAGER,RENEWABLE ENERGY CONSULTANT,1,1,25
RENEWABLE ENERGY CONSULTANT,RENEWABLE ENERGY CONSULTANT,1,1,1000
RENTAL HOUSE BUSINESS,RENTAL HOUSE BUSINESS,1,1,3300
RESEACHER,RESEACHER,1,1,90
RESEARCH & ENGINEERING DIRECTOR,RESEARCH & ENGINEERING DIRECTOR,1,1,500
RESEARCH & TEACHING,RESEARCH & TEACHING,1,1,250
RESEARCH ASSISTANT,RESEARCH ASSISTANT,1,1,1000
RESEARCH ASSOCIATE,RESEARCH ASSOCIATE,1,1,500
RESEARCH EDITOR,RESEARCH EDITOR,1,1,386
RESEARCH FACULTY,RESEARCH FACULTY,1,1,500
RESEARCH LIBRARIAN,RESEARCH LIBRARIAN,1,1,215
RESEARCH MANAGER,RESEARCH MANAGER,1,1,100
RESEARCH PSYCHOLOGIST,RESEARCH PSYCHOLOGIST,1,1,329.2
RESEARCH SUPPORT,RESEARCH SUPPORT,1,1,50
RESIDENTIAL REAL ESTATE SALES,RESIDENTIAL REAL ESTATE SALES,1,1,150
RESOURCE MANAGER,RESOURCE MANAGER,1,1,300
RESTAURANT & BAR OWNER,RESTAURANT & BAR OWNER,1,1,1000
RETAIL CLERK,RETAIL CLERK,1,1,113
RETAIL GROCERY,RETAIL GROCERY,1,1,3000
RETAIL SALES,RETAIL SALES,1,1,35
RETAILER,RETAILER,1,1,612.3
RETINA SURGEON,RETINA SURGEON,1,1,2500
RETIRE,RETIRED,1,1,131.49
RETIRED - BUYER,RETIRED - BUYER,1,1,60
RETIRED ACCOUNTANT,RETIRED,1,1,50
RETIRED ATTORNEY & WRITER,RETIRED ATTORNEY & WRITER,1,1,1075
RETIRED CHEMIST,RETIRED,1,1,150
RETIRED CONSULTING ENGINEER,RETIRED,1,1,250
RETIRED CPA,RETIRED,1,1,500
RETIRED CPA EXEC,RETIRED,1,1,250
RETIRED FEDERAL EMPLOYEE,RETIRED FEDERAL EMPLOYEE,1,1,300
RETIRED HOSPITAL ADMINISTRATOR,ADMINISTRATOR,1,1,500
RETIRED JOHNS HOPKINS UNIVERSITY,RETIRED JOHNS HOPKINS UNIVERSITY,1,1,250
RETIRED LAB TECH,RETIRED LAB TECH,1,1,124
"RETIRED NONE, RETIRED","RETIRED NONE, RETIRED",1,1,331
RETIRED ORGANIZER,RETIRED ORGANIZER,1,1,125
RETIRED SELF EMPLOYED,RETIRED SELF EMPLOYED,1,1,350
RETIRED TOWN OF COTTAGE CITY MD,RETIRED TOWN OF COTTAGE CITY MD,1,1,236.5
RETIRED UMB,RETIRED UMB,1,1,1137.5
RETIRED USN,RETIRED,1,1,158.5
RETIRED USPHS,RETIRED,1,1,50
RETIRED VETERINARIAN,RETIRED VETERINARIAN,1,1,500
RETREAD TECHNICIAN,RETIRED,1,1,527
REVENUE AGENT,REVENUE AGENT,1,1,45
REVIEWER,REVIEWER,1,1,200
RISK AND TOXICOLOGY CONSULTANT,RISK AND TOXICOLOGY CONSULTANT,1,1,200
RISK ASSESSMENT ENGINEER,RISK ASSESSMENT ENGINEER,1,1,750
RNGINERR,RNGINERR,1,1,40.5
ROCK PHYSICAL THERAPY ASSOCIATES,ROCK PHYSICAL THERAPY ASSOCIATES,1,1,125
SAFETY,SAFETY,1,1,1000
SAFETY ENGINEER,SAFETY ENGINEER,1,1,150
SAFETY MANAGER,SAFETY MANAGER,1,1,195.01
SAFETY PROFESSIONAL,SAFETY PROFESSIONAL,1,1,75
SALES BROKER,SALES BROKER,1,1,104.1
SALES LEAD,SALES LEAD,1,1,3300
SALES VICE PRESIDENT,SALES VICE PRESIDENT,1,1,50
SC MANAGER,SR MANAGER,1,1,208.2
SCHOOL ADMIN,SCHOOL ADMIN,1,1,260.25
SCHOOL ADMINISTRATION,SCHOOL ADMINISTRATION,1,1,250
SCHOOL ADMINISTRATOR,SCHOOL ADMINISTRATION,1,1,250
SCHOOL NURSE,SCHOOL NURSE,1,1,90
SCHOOL PRINCIPAL,SCHOOL PRINCIPAL,1,1,150
SCIENCE ADMINISTRATOR,SCIENCE ADMINISTRATOR,1,1,414.28999999999996
SCIENCE AND TECHNOLOGY,SCIENCE AND TECHNOLOGY,1,1,2500
SCIENCE POLICY ANALYST,SCIENCE POLICY ANALYST,1,1,500
SCIENCE WRITER,SCIENCE WRITER,1,1,200
SCIENTIFIC SME,SCIENTIFIC SME,1,1,100
SCIENTISTS,SCIENTIST,1,1,321.24
SCULPTOR,SCULPTOR,1,1,3300
SCULPTOR/PHYSICIAN,SCULPTOR/PHYSICIAN,1,1,250
SEAFOOD PROCESSOR,SEAFOOD PROCESSOR,1,1,500
SECOND VICE PRESIDENT,SECOND VICE PRESIDENT,1,1,250
SECURITY CONSULTANT,SECURITY CONSULTANT,1,1,500
SECURITY ENGINEER,SECURITY ENGINEER,1,1,25
SECURITY MANAGER,SECURITY MANAGER,1,1,250
SECURITY OFFICER,SECURITY OFFICER,1,1,250
SECURITY SPECIALIST,SECURITY SPECIALIST,1,1,350
SEMI-RETIRED ATTORNEY,SEMI-RETIRED ATTORNEY,1,1,425
SENATOR,SENATOR,1,1,100
SENIOR ACCOUNT MANAGER,SENIOR ACCOUNT MANAGER,1,1,3300
SENIOR ADVISOR TO THE GOVERNOR,SENIOR ADVISOR,1,1,300
SENIOR ADVISOR/EDITOR,SENIOR ADVISOR,1,1,40
SENIOR ANALYST,SENIOR ANALYST,1,1,265
SENIOR BUSINESS ANALYST,SENIOR BUSINESS ANALYST,1,1,2.38
SENIOR CARTOGRAPHIC RESEARCH EDITOR,SENIOR CARTOGRAPHIC RESEARCH EDITOR,1,1,166.16
SENIOR CITIZEN ADVOCATE,SENIOR CITIZEN ADVOCATE,1,1,200
SENIOR CLOUD CONSULTANT,SENIOR CLOUD CONSULTANT,1,1,825
SENIOR CONSULATANT,SENIOR CONSULATANT,1,1,100
SENIOR COUNSEL,SENIOR COUNSEL,1,1,1500
SENIOR DIRECTOR COMMUNICATIONS AND MA,SENIOR DIRECTOR,1,1,500
SENIOR ENGINEER,SENIOR ENGINEER,1,1,500
SENIOR EXECUTIVE DIRECTOR,EXECUTIVE,1,1,250
SENIOR EXECUTIVE OFFICER,EXECUTIVE,1,1,500
SENIOR FELLLOW,SENIOR FELLLOW,1,1,1500
SENIOR FINANCE MANAGER,SENIOR FINANCE MANAGER,1,1,1650
SENIOR GOVERNMENT AFFAIRS,SENIOR GOVERNMENT AFFAIRS,1,1,1000
SENIOR HEALTH RESEARCHER,SENIOR HEALTH RESEARCHER,1,1,300
SENIOR MANAGER PRE-SALES,SENIOR MANAGER PRE-SALES,1,1,250
SENIOR MANAGING DIRECTOR,SENIOR MANAGING DIRECTOR,1,1,500
SENIOR MANAGING DIRECTOR & PRINCIPAL,SENIOR MANAGING DIRECTOR & PRINCIPAL,1,1,3300
SENIOR OPERATING ACCOUNTANT,SENIOR OPERATING ACCOUNTANT,1,1,100
SENIOR OPERATIONS OFFICER,SENIOR OPERATIONS OFFICER,1,1,1715
SENIOR POLICY DIRECTOR,SENIOR POLICY DIRECTOR,1,1,500
SENIOR PRINCIPAL,SENIOR PRINCIPAL,1,1,2000
SENIOR PRINCIPAL CONSULTANT,SENIOR PRINCIPAL,1,1,1500
SENIOR PROFESSIONAL STAFF,SENIOR PROFESSIONAL STAFF,1,1,204.1
SENIOR PROJECT MANAGER,SENIOR PROJECT MANAGER,1,1,1000
SENIOR REGULATORY OFFICER,SENIOR REGULATORY OFFICER,1,1,1000
SENIOR RISK ANALYST,SENIOR RISK ANALYST,1,1,150
SENIOR SALES MANAGER,SENIOR SALES MANAGER,1,1,250
SENIOR SOFTWARE ENGINEER,SOFTWARE ENGINEER,1,1,500
SENIOR STRATEGIC DIRECTOR,SENIOR STRATEGIC DIRECTOR,1,1,1000
"SENIOR STRATEGIC DIRECTOR, INT'L CLIMA",SENIOR STRATEGIC DIRECTOR,1,1,500
"SENIOR STRATEGIC DIRECTOR, INTERNATION",SENIOR STRATEGIC DIRECTOR,1,1,1000
SENIOR SYSTEMS ENGINEER,SENIOR SYSTEMS ENGINEER,1,1,300
SENIOR TECHNICAL ENGINEER,SENIOR TECHNICAL ENGINEER,1,1,250
SENIOR WRITER/EDITOR,SENIOR WRITER/EDITOR,1,1,300
SHAREPOINT DEVELOPER,SHAREPOINT DEVELOPER,1,1,2575
SITTER,SITTER,1,1,150.31
SMALL BS OWNER,SMALL BS OWNER,1,1,1110
SMALL BUSINESS OWNER,SMALL BUSINESS OWNER,1,1,75
SOCIAL IMPACT ADVISOR,SOCIAL IMPACT ADVISOR,1,1,500
SOCIAL JUSTICE ADVOCATE,SOCIAL JUSTICE ADVOCATE,1,1,27
SOCIAL WORK,SOCIAL WORKER,1,1,3300
SOCIAL WORKER-GERIATRIC CARE MANAGER,SOCIAL WORKER,1,1,250
SOFTWARE,SOFTWARE,1,1,600
SOFTWARE ARCHITECT,SOFTWARE ARCHITECT,1,1,100
SOFTWARE DESIGNER,SOFTWARE DESIGNER,1,1,2000
SOFTWARE EXECUTIVE,SOFTWARE EXECUTIVE,1,1,425
SOFTWARE SALES,SOFTWARE SALES,1,1,500
SOFTWARE TEST ENGINEER,SOFTWARE TEST ENGINEER,1,1,79.55
SOLAR ENERGY DEVELOPER,SOLAR ENERGY DEVELOPER,1,1,500
SOLID WASTE,SOLID WASTE,1,1,300
SOLUTION ARCHITECT,SOLUTION ARCHITECT,1,1,100
SOMD FIELD REP,SOMD FIELD REP,1,1,325
SPANISH CERTIFIED INTERPRETER,SPANISH CERTIFIED INTERPRETER,1,1,40
SPECIAL ED TEACHER,SPECIAL ED TEACHER,1,1,100
SPECIAL EDUCATION,SPECIAL EDUCATION,1,1,25
SPECIAL POLICE OFFICER,SPECIAL POLICE OFFICER,1,1,153.08
SPECIALIST,SPECIALIST,1,1,250
SPED RESOURCE TEACHER,SPED RESOURCE TEACHER,1,1,50
SPEECH LANGUAGE PATHOLOGIST,SPEECH LANGUAGE PATHOLOGIST,1,1,256.15
SPEECH PATHOLOGIST,SPEECH PATHOLOGIST,1,1,1000
SPEECH-LANGUAGE PATHOLOGIST,SPEECH LANGUAGE PATHOLOGIST,1,1,350
SPORTS,SPORTS,1,1,2500
SPORTS LICENSING,SPORTS LICENSING,1,1,100
SR DIRECTOR,DIRECTOR,1,1,393.24
SR FINANCE MANAGER,FINANCE MANAGER,1,1,178
SR GOVERNMENT AFFAIRS PROFESSIONAL,SR GOVERNMENT AFFAIRS PROFESSIONAL,1,1,500
SR IT PROJECT MANAGER,IT PROJECT MANAGER,1,1,25
SR MANAGER,SR MANAGER,1,1,50
SR SOFTWARE ENGINEER,SOFTWARE ENGINEER,1,1,361.25
SR TAX ANALYST,SR TAX ANALYST,1,1,125
SR VICE PRESIDENT,VICE PRESIDENT,1,1,150
SR. ADVISOR INVESTMENT COMMUNICATION,SR. ADVISOR INVESTMENT COMMUNICATION,1,1,1100
SR. ANALYST,SR. ANALYST,1,1,450
SR. DIRECTOR GOVERNMENT AFFAIRS,GOVERNMENT,1,1,500
SR. ENGINEERING TECHNICIAN SPECIALIST,SR. ENGINEERING TECHNICIAN SPECIALIST,1,1,250
SR. EXEC. DIR.,SR. EXEC. DIR.,1,1,100
SR. PRINCIPAL CONSULTANT,SR. PRINCIPAL CONSULTANT,1,1,15
SR. SOFTWARE ENGINEER,SOFTWARE ENGINEER,1,1,1809
SR. STRATEGIC DIRECTOR,SR. STRATEGIC DIRECTOR,1,1,1000
"SR. STRATEGIC DIRECTOR, INTERNATIONAL",SR. STRATEGIC DIRECTOR,1,1,250
SR. VICE PRESIDENT,VICE PRESIDENT,1,1,156.16
SR. VP,SR. VP,1,1,1250
STAFF ASSISTANT,STAFF ASSISTANT,1,1,250
STAFF DIRECTOR,STAFF DIRECTOR,1,1,601
STAFF SCIENTIST,STAFF SCIENTIST,1,1,480
STAFFER,STAFFER,1,1,500
STAFFING EXECUTIVE,STAFFING EXECUTIVE,1,1,1000.02
STAKEHOLDER RELATIONS,STAKEHOLDER RELATIONS,1,1,500
STATE DELEGATE,STATE DELEGATE,1,1,100
STATE WORKER,STATE WORKER,1,1,125
STATITICIAN,STATISTICIAN,1,1,500
STAY AT HOME MOTHER,STAY AT HOME MOTHER,1,1,1000
STEVEDORE,STEVEDORE,1,1,6600
STOCK TRADER,STOCK TRADER,1,1,30
STONE CARVER,STONE CARVER,1,1,4000
STRATEGIC ADVISOR,STRATEGIC ADVISOR,1,1,3800
STRATEGIC CONSULTANT,STRATEGIC CONSULTANT,1,1,6600
STRATEGIC CONSULTANT/INVESTOR,STRATEGIC CONSULTANT,1,1,1000
STRATEGY CONSULTANT,STRATEGIC CONSULTANT,1,1,1000
STRATEGY CONSULTING,STRATEGIC CONSULTANT,1,1,3300
SUBCONTRACTS ADMINISTRATOR,SUBCONTRACTS ADMINISTRATOR,1,1,400
SUBCONTRACTS ADMINISTRATOR III,SUBCONTRACTS ADMINISTRATOR,1,1,30
SUBJECT MATTER EXPERT,SUBJECT MATTER EXPERT,1,1,150
SUBSTITUTE TEACHER PART TIME,SUBSTITUTE TEACHER,1,1,110
SUPERVISORY ACCT,SUPERVISOR,1,1,500
SUPERVISORY ADMINISTRATIVE OFFICER,SUPERVISOR,1,1,260.25
SUPERVISORY CONSUMER SAFETY OFFICER,SUPERVISOR,1,1,500
SUPERVISORY SECURITY SPECIALIST,SUPERVISOR,1,1,250
SUPPLY/LOGISTICS,SUPPLY/LOGISTICS,1,1,350
SUPPORT SCIENTIST,SUPPORT SCIENTIST,1,1,35
SURETY BOND AGENT,SURETY BOND AGENT,1,1,1000
SURETY BOND SPECIALIST,SURETY BOND SPECIALIST,1,1,2099.89
SURGEON / EDUCATION,SURGEON / EDUCATION,1,1,100
SURGICAL RESIDENT,SURGICAL RESIDENT,1,1,305
SUSTAINABILITY PROGRAM COORDINATOR,SUSTAINABILITY PROGRAM COORDINATOR,1,1,250
SVP COMMERCIALIZATION AND DEVELOPMENT,SVP COMMERCIALIZATION AND DEVELOPMENT,1,1,2000
SVP FEDERAL AFFAIRS/ATTORNEY,SVP FEDERAL AFFAIRS/ATTORNEY,1,1,2000
SVP GM,SVP GM,1,1,1000
SVP HUMAN RESOURCES,HUMAN RESOURCES,1,1,500
SVP OF FEDERAL FISCAL POLICY,SVP OF FEDERAL FISCAL POLICY,1,1,250
SVP OF GOVERNMENT RELATIONS,GOVERNMENT,1,1,250
SVP OF PUBLIC AFFAIRS,PUBLIC AFFAIRS,1,1,500
SVP PUBLIC AFFAIRS,PUBLIC AFFAIRS,1,1,1000
SW,CIO,1,1,40
SYMPHONY ORCHESTRA CONDUCTOR,SYMPHONY ORCHESTRA CONDUCTOR,1,1,450
SYSTEM ENGINEER,SYSTEMS ENGINEER,1,1,325
SYSTEM ENGNEER,SYSTEMS ENGINEER,1,1,200
SYSTEMS INTEGRATOR,SYSTEMS INTEGRATOR,1,1,90
T.C.O.,T.C.O.,1,1,208.2
TACO BELL FRANCHISEE,TACO BELL FRANCHISEE,1,1,3300
TAI CHI & QIGONG INSTRUCTOR,TAI CHI & QIGONG INSTRUCTOR,1,1,45
TALENT ACQUISITION PARTNER,TALENT ACQUISITION PARTNER,1,1,500
TAX ADVISOR,TAX ADVISOR,1,1,3300
TEACHER SPECIALIST,TEACHER SPECIALIST,1,1,736.66
TEACHER WRITER,TEACHER WRITER,1,1,258
TEACHER/WRITER,TEACHER WRITER,1,1,500
TEACHING,TEACHING,1,1,324
TEACHING ASSISTANT,TEACHING ASSISTANT,1,1,35
TEACHING PROFESSOR,TEACHING PROFESSOR,1,1,70
TECH,TECH,1,1,500
TECH SUPPORT,TECH SUPPORT,1,1,75
TECH WRITER/EDITOR,TECH WRITER,1,1,5
TECHERS,TECHERS,1,1,50
TECHNICAL MANAGER,TECHNICAL MANAGER,1,1,100
TECHNICAL WRITER,TECHNICAL WRITER,1,1,45
TECHNICAL WRITER III,TECHNICAL WRITER,1,1,109.1
TECHNOLOGIST,TECHNOLOGIST,1,1,250
TECHNOLOGY,TECHNOLOGY,1,1,35
TECHNOLOGY EDUCATION CONSULTANT,TECHNOLOGY EDUCATION CONSULTANT,1,1,250
TECHNOLOGY EXECUTIVE,TECHNOLOGY EXECUTIVE,1,1,2000
TECHNOLOGY GENERALIST,TECHNOLOGY GENERALIST,1,1,500
TECHNOLOGY MANAGER,TECHNOLOGY MANAGER,1,1,900
TELECOM,TELECOM,1,1,363
TENNIS INSTRUCTOR,TENNIS INSTRUCTOR,1,1,500
TERRY HOLMAN CONSULTING,TERRY HOLMAN CONSULTING,1,1,500
TEST ENGINEER,TEST ENGINEER,1,1,391.75
TEST PILOT,TEST PILOT,1,1,2000
TEXTILE ARTIST,TEXTILE ARTIST,1,1,120
THE EASY STUFF,THE EASY STUFF,1,1,6600
THINK TANK,THINK TANK,1,1,500
TITLE ABSTRACTOR,TITLE ABSTRACTOR,1,1,510
TITLE CLERK,TITLE CLERK,1,1,156.14999999999998
TITLE EXAMINER,TITLE EXAMINER,1,1,75
TOOL DISTRIBUTOR - SELF EMPLOYED,TOOL DISTRIBUTOR - SELF EMPLOYED,1,1,115
TOXICOLOGIST,TOXICOLOGIST,1,1,450
TOXICOLOGY & RISK ASSESSMENT CONSULTAN,TOXICOLOGY & RISK ASSESSMENT CONSULTAN,1,1,700
TOXICOLOGY AND RISK CONSULTANT,RISK AND TOXICOLOGY CONSULTANT,1,1,500
TRADE ASSOCIATION,TRADE ASSOCIATION,1,1,1000
TRADE ASSOCIATION EXECUTIVE,TRADE ASSOCIATION EXECUTIVE,1,1,6600
TRAFFIC CONSULTANT,TRAFFIC CONSULTANT,1,1,1000
TRAINING,TRAINING,1,1,50
TRANSIT PLANNING MANAGER,TRANSIT PLANNING MANAGER,1,1,175
TRANSLATOR,TRANSLATOR,1,1,225
TRANSPORTATION ENGINEER TECHNICIAN,TRANSPORTATION,1,1,50
TRUCK DRIVER,TRUCK DRIVER,1,1,250
TRUCKING EXECUTIVE,TRUCKING EXECUTIVE,1,1,500
TTUSTEE,TTUSTEE,1,1,135
TUTOR,TUTOR,1,1,221
TUTOR WRITER EDITOR,TUTOR WRITER EDITOR,1,1,127
TV EXECUTIVE,EXECUTIVE,1,1,250
UAS SME,UAS SME,1,1,204.1
UBER DRIVER,UBER DRIVER,1,1,25
ULTRASONOGRAPHER,ULTRASONOGRAPHER,1,1,54
UNEMPLOED,UNEMPLOED,1,1,2000
UNION ORGANIZER,UNION ORGANIZER,1,1,250
UNION SERVICE REPRESENTATIVE,UNION SERVICE REPRESENTATIVE,1,1,40
UNION STAFF,UNION STAFF,1,1,250
UNIVERSITY ADMINISTRATION,UNIVERSITY ADMINISTRATION,1,1,250
UNIVERSITY OF MARYLAND,UNIVERSITY OF MARYLAND,1,1,6600
UNIVERSITY PRESIDENT,UNIVERSITY PRESIDENT,1,1,500
UNIVERSITY PROFESSOR,UNIVERSITY PROFESSOR,1,1,250
URBAN PLANNER,URBAN PLANNER,1,1,5
US NAVY RETIRED,US NAVY RETIRED,1,1,300
USER EXPERIENCE DESIGNER,USER EXPERIENCE DESIGNER,1,1,250
VASCULAR SURGEON,VASCULAR SURGEON,1,1,1000
VENTURE CAPITAL,VENTURE CAPITAL,1,1,2500
VENTURE PARTNER,VENTURE PARTNER,1,1,500
VENUE OPERATOR,VENUE OPERATOR,1,1,150
VET,VET,1,1,1000
VETERINARY MEDICAL OFFICER,VETERINARY MEDICAL OFFICER,1,1,500
VIC REHAB TECH SPECIALIST,VIC REHAB TECH SPECIALIST,1,1,10
VICE CHAIR,VICE CHAIR,1,1,3300
VICE CHANCELLOR,VICE CHANCELLOR,1,1,500
VICE PREAIDENT,VICE PRESIDENT,1,1,100
VICE PRESIDENT & MANAGER,VICE PRESIDENT,1,1,500
VICE PRESIDENT FEDERAL RELATIONS,VICE PRESIDENT,1,1,3300
VICE PRESIDENT FINANCE,VICE PRESIDENT,1,1,250
VICE PRESIDENT GLOBAL GOVERNMENT AFFA,VICE PRESIDENT,1,1,1000
VICE PRESIDENT GLOBAL GOVERNMENT AFFAI,VICE PRESIDENT,1,1,1000
VICE PRESIDENT GLOBAL GOVERNMENT AFFAR,VICE PRESIDENT,1,1,1000
VICE PRESIDENT HR,VICE PRESIDENT,1,1,250
VICE PRESIDENT INTERNATIONAL GOVT RELA,VICE PRESIDENT,1,1,750
VICE PRESIDENT OF PUBLIC AFFAIRS,VICE PRESIDENT,1,1,2500
VICE PRESIDENT OF SALES,VICE PRESIDENT,1,1,250
VICE PRESIDENT OPERATIONS,VICE PRESIDENT,1,1,250
"VICE PRESIDENT, GLOBAL GOVERNMENT AFFA",VICE PRESIDENT,1,1,1000
"VICE PRESIDENT, MARKET FUNDAMENTALS AN",VICE PRESIDENT,1,1,520.51
VICE-PRESIDENT SALES,VICE PRESIDENT,1,1,260
VIDEO PRODUCER/EDITOR,VIDEO PRODUCER/EDITOR,1,1,5
VINTNER,VINTNER,1,1,1000
VIOLIN TEACHER,VIOLIN TEACHER,1,1,227
VISITING PROFESSOR AND CONSULTANT,VISITING PROFESSOR AND CONSULTANT,1,1,450
VISUAL ARTIST,VISUAL ARTIST,1,1,500
VP / SR PRINCIPAL ENGINEER,VP / SR PRINCIPAL ENGINEER,1,1,1000
VP COMMUNICATIONS,VP COMMUNICATIONS,1,1,500
VP FOR RESEARCH AND ECON DEV,VP FOR RESEARCH AND ECON DEV,1,1,500
VP GENERAL COUNSEL & SECRETARY,VP GENERAL COUNSEL & SECRETARY,1,1,0
VP GLOBAL PUBLIC POLICY,VP GLOBAL PUBLIC POLICY,1,1,3300
VP GOVERNMENT AFFAIRS,VP GOVERNMENT AFFAIRS,1,1,300
VP HEALTHY LIVING,VP HEALTHY LIVING,1,1,204.1
VP MARKETING,VP MARKETING,1,1,520.51
VP OF CAMPAIGNS & FIELD,VP OF CAMPAIGNS & FIELD,1,1,250
VP OF COMMUNICATIONS,VP OF COMMUNICATIONS,1,1,250
VP OF COMMUNITY,VP OF COMMUNITY,1,1,250
VP OF DATA SCIENCE & ENGINEERING,VP OF DATA SCIENCE & ENGINEERING,1,1,250
VP OF GOVERNMENT AFFAIRS & POLICY,VP OF GOVERNMENT AFFAIRS,1,1,500
VP OF OPERATIONS,VP OF OPERATIONS,1,1,500
VP OF PARTNERSHIP DEVELOPMENT,VP OF PARTNERSHIP DEVELOPMENT,1,1,250
VP OF POLICY & PUBLIC AFFAIRS,PUBLIC AFFAIRS,1,1,500
VP OF PUBLIC AFFAIRS,PUBLIC AFFAIRS,1,1,1500
VP OF PUBLIC RELATIONS,VP OF PUBLIC RELATIONS,1,1,250
VP OF TRADING,VP OF TRADING,1,1,1000
VP OF TRANSPORTATION & LOGISTICS,VP OF TRANSPORTATION & LOGISTICS,1,1,1000
VP TECHNOLOGY,TECHNOLOGY,1,1,250
VP UPSTREAM POLICY,VP UPSTREAM POLICY,1,1,100
VP WHOLESALETRADING,VP WHOLESALETRADING,1,1,1561.52
"VP, COMPENSATION","VP, COMPENSATION",1,1,500
VPGLOBAL PROJECTS,VPGLOBAL PROJECTS,1,1,250
VPMARKETING,VP MARKETING,1,1,874.61
WAREHOUSE WORKER,WAREHOUSE WORKER,1,1,114
WASHINGTON DC TOUR GUIDE,WASHINGTON DC TOUR GUIDE,1,1,70
WASHINGTON DIRECTOR,WASHINGTON DIRECTOR,1,1,1500
WATCH OFFICER,WATCH OFFICER,1,1,150
WE MUST GO INTO THE INNER CITIES AND T,WE MUST GO INTO THE INNER CITIES AND T,1,1,347.5
WEB APPLICATION DEVELOPER,DEVELOPER,1,1,500
WELDER/FABRICATOR,WELDER/FABRICATOR,1,1,500
WHAREHOUSE WORKER,WAREHOUSE WORKER,1,1,843
WHITE STAR INVESTMENTS,WHITE STAR INVESTMENTS,1,1,6600
WHOLESALE PRODUCE DISTRIBUTION,WHOLESALE PRODUCE DISTRIBUTION,1,1,1000
WINDPATH HEALING WORKS,WINDPATH HEALING WORKS,1,1,100
WOODWORKER,WOODWORKER,1,1,100
WORKERS' COMPENSATION COMMISSIONER,WORKERS' COMPENSATION COMMISSIONER,1,1,1250
WRITER & TEACHER,TEACHER WRITER,1,1,600
WRITER / PHYSICIAN,WRITER / PHYSICIAN,1,1,250
WRITER POLITICAL CONSULTANT,WRITER POLITICAL CONSULTANT,1,1,308.2
WRITER SMALL BUSINESS OWNER,WRITER SMALL BUSINESS OWNER,1,1,27
WRITER/ARTIST,WRITER/ARTIST,1,1,128
WRITER/CONSULTANT,WRITER/CONSULTANT,1,1,165
WRITER/INVESTOR,WRITER/INVESTOR,1,1,1000
WRITING & EDITING CONSULTANT,WRITING & EDITING CONSULTANT,1,1,528
YACHT CONSULTANT,YACHT CONSULTANT,1,1,625
YES,YES,1,1,110
YOGA INSTRUCTOR,YOGA INSTRUCTOR,1,1,100
YOGA TEACHER,YOGA TEACHER,1,1,458.2
YOUTUBE INFLUENCER,YOUTUBE INFLUENCER,1,1,3438.13
ZONING HEARING EXAMINER,ZONING HEARING EXAMINER,1,1,200
ZOOKEEPER,ZOOKEEPER,1,1,100
